"period_ave_Y","period_sd_Y","ID"
4.77909333333333,0.900301351438672,1
5.11551666666667,0.946690846046641,2
5.20212333333333,0.964078987565006,3
5.22484333333333,1.00237445501044,4
5.22484333333333,1.00237445501044,5
5.28967333333333,0.995392321176666,6
5.85734333333333,1.36939472198822,7
5.85816666666667,1.36957669909817,8
5.31945,1.00375806974898,15
5.52551,1.44126652069964,19
5.70153333333333,1.03843006748527,20
5.22484333333333,1.00237445501044,21
5.94251666666667,1.01794446670673,22
5.98171,1.01306146062319,23
5.94251666666667,1.01794446670673,24
5.91730333333333,1.05694055144973,26
5.79093333333333,1.0710424842127,27
5.82429,1.23232686336557,28
6.00498,1.24388741629369,29
1.91206666666667,2.45125273705498,30
4.75154666666667,2.45271184479735,31
0.460103333333333,1.77908164346846,32
5.98218666666667,1.52155613803612,33
6.25068,1.83473173824141,34
4.50140333333333,1.85665546587244,35
6.60486666666667,1.01741105832854,36
5.88371333333333,1.59118115718749,37
5.20471666666667,1.75173318962783,38
5.81202333333333,1.1868672568147,39
4.93041333333333,2.19779665240744,40
6.20916,1.19978684762092,41
5.26441,1.49273947292704,42
5.24089333333333,1.2597037453945,43
5.46271666666667,1.53406696726625,44
5.30996666666667,1.85895600981755,45
6.11224,1.78518497729855,46
4.39068,2.75044154090412,47
5.98258,1.54760267519666,48
5.92439,1.49643073168261,49
5.88001666666667,1.48946491967888,50
4.44927333333333,2.27718562021622,51
5.82013333333333,1.38361579387396,52
5.75841666666667,1.29655982164031,53
5.76126333333333,1.3931406081679,54
5.57715333333333,1.24086849583428,55
5.92083666666667,1.31586635011608,56
5.74240333333333,1.61087621251835,57
6.15085333333333,1.54207502897508,58
5.82178333333333,1.49299619513184,59
6.00103333333333,1.37564068392308,60
6.09409666666667,1.51169174550792,61
5.89086,1.37122193168394,62
5.91902,1.45099744513666,63
5.68175,1.57110614728429,64
5.82197,1.47745210813332,65
5.74287,1.47038278740019,66
5.61333666666667,1.43212377775669,67
6.06732666666667,1.56481585761069,68
5.90563333333333,1.42147487596106,69
6.65021666666667,1.78715394221117,70
5.70861,1.27207329607464,71
6.00787333333333,1.49175269003608,72
5.61644666666667,2.02330576374635,73
5.14171333333333,2.5366761700186,74
6.17288333333333,1.24384142466499,75
1.82847666666667,2.68575043923492,76
2.10433666666667,2.9007122060629,77
2.76884,3.1478726950993,78
3.11420666666667,3.04719655997549,79
3.89487,2.78162850728081,80
5.44808666666667,1.44309176823244,81
3.81801666666667,2.89193771897015,82
3.46312666666667,3.00229896360282,83
3.72339,2.81168766222291,84
2.95288666666667,3.11524515211036,85
4.37504,2.82654039194743,86
5.23891,2.0383399074179,87
4.61006666666667,2.96609363668937,88
5.62772666666667,1.891424199386,89
5.64289666666667,1.53158772734056,90
1.39147,2.65068983489074,91
5.29172,1.13694143857924,92
5.76710333333333,1.38791092789905,93
0.259886666666667,1.42345789728159,94
4.07433333333333,3.25461915355893,95
4.58714,2.35272759837129,96
4.53503333333333,2.04336513680224,97
4.81125666666667,2.41248434301631,98
4.68438666666667,2.15867640636625,99
6.37325666666667,1.17414662647868,100
4.76016666666667,1.97498112384403,101
5.07468333333333,1.72647633896992,102
5.80494,1.67179284387378,103
6.71255333333333,1.22055593713609,104
5.30453666666667,1.35550685302923,105
5.27994333333333,1.53563283162829,106
4.87879,2.59761357182265,107
5.25470666666667,1.56837564024679,108
5.50809333333333,2.02360388227731,109
6.74759,1.24424717423276,110
5.62402,1.62316212044311,111
5.86803666666667,1.3336693180802,112
5.91095333333333,1.47550485123668,113
6.36356,1.35288749987216,114
6.11198666666667,1.44065249722031,115
6.31708,1.471874673591,116
6.0335,1.29894495622807,117
6.13214,1.2708640364077,118
4.14027666666667,3.14380727656697,119
5.69549333333333,2.05259095021866,120
4.96149,2.24755960641299,121
5.73166333333333,1.43138649145489,122
6.02549,1.39481322352394,123
6.02824333333333,1.26560902899133,124
6.13827333333333,1.3271988780974,125
4.60763666666667,2.76386561908016,126
6.02868333333333,1.2867484803883,127
5.89871333333333,1.27023346611431,128
6.01537333333333,1.28830166416296,129
5.66365666666667,1.56934722728324,130
6.10573,1.10175960396587,131
5.65309333333333,2.23428064160957,132
5.0831,2.14954650919035,133
5.39978666666667,1.86922729983188,134
5.12820666666667,1.79150442230167,135
5.83864333333333,1.48522062884049,136
5.70260666666667,1.38321418166812,137
3.49889666666667,2.86939548427207,138
3.25569333333333,2.83286791638406,139
5.04120666666667,0.99012016718743,140
4.04346333333333,2.29940717914547,141
3.89558,2.534528600991,142
5.48416,1.23672829497275,143
4.98626666666667,0.995096515968152,144
5.12040333333333,1.142607416963,145
5.47545666666667,1.12703718314677,146
4.74065,1.35871060980876,147
4.43636,2.2791099060515,148
5.03877333333333,1.49111022949537,149
4.83553333333333,2.19269135544196,150
4.76392333333333,2.05459829477323,151
5.32316666666667,1.18017148822076,152
6.03004666666667,1.26365723575314,153
5.86699,1.39493276672736,154
3.04988666666667,2.46096780538195,155
3.49383666666667,2.70642034473625,156
3.77189,2.87851416429284,157
3.39717666666667,2.65136984928784,158
3.17554666666667,2.85618778754954,159
4.51115333333333,1.61601994562062,160
4.66600333333333,2.0537337448696,161
4.34884333333333,2.24439277659764,162
5.02640333333333,1.20807483311354,163
3.90084333333333,1.89420626278885,164
6.18299,1.31972517080197,165
4.44510666666667,2.03415609629447,166
5.60771333333333,1.54322247568886,167
5.43481,1.27684621339266,168
5.92056666666667,1.27123632039792,169
5.63213666666667,1.51997782140882,170
6.10679,1.21188384994546,171
6.19480333333333,1.24458616068467,172
5.50446333333333,1.85280025469062,173
6.19161,1.03442079990488,174
6.34560333333333,1.28259278470129,175
6.62620333333333,1.39535937614981,176
5.98303666666667,2.37850153443273,177
6.31614666666667,1.31861513763319,178
5.82274666666667,1.6792067987355,179
6.16556666666667,1.26543103446553,180
6.09290666666667,1.60924395440269,181
5.87826,1.45258014642673,182
5.51514666666667,1.17407960569365,183
4.80198333333333,2.06714707217181,184
4.73777333333333,2.48826037665333,185
5.48324666666667,1.60327353824504,186
5.30983,1.60834248586164,187
5.40419333333333,1.65295487618768,188
6.06081666666667,1.49983838050761,189
6.02781333333333,1.50417509888043,190
5.95573,1.17511475071366,191
6.04373,1.20849301259162,192
5.81521333333333,1.03246290164072,193
6.08267,1.30135629597315,194
5.4635,1.95041678499043,195
6.06783666666667,1.51180662704418,196
5.86782,1.8113598055338,197
5.59422333333333,2.06833139972586,198
6.19917,1.56216886105449,199
6.08842,1.72744143199285,200
1.82819666666667,2.74154911286746,201
3.12895333333333,3.17718897332688,202
5.87577666666667,1.83825186178821,203
4.37034666666667,2.91410456972024,204
4.00295666666667,3.05176891142615,205
5.40503333333333,1.95714419663876,206
4.35252333333333,2.67637000607853,207
3.88350666666667,2.96379340558489,208
4.15802333333333,2.99330817458836,209
3.48257666666667,2.98981325823068,210
3.61431,3.20035630778717,211
2.90481666666667,3.25623614729553,212
3.02334,3.03984718815113,213
4.10443333333333,2.9345103880326,214
6.02279,1.26456905794438,215
5.91036,1.2382023859974,216
5.46306,1.91232827862827,217
5.94225666666667,1.19490580084166,218
5.36202,2.08163586176005,219
5.92203666666667,1.16223863817095,220
5.60355666666667,1.51377646477241,221
5.26629333333333,1.81056368988402,222
5.27545666666667,2.05771969785829,223
4.90250666666667,2.19779808255403,224
4.88890333333333,1.71464581513729,225
5.06687666666667,1.39891442263298,226
5.47212333333333,1.25518259660342,227
5.58619,1.1944121605237,228
5.67971666666667,1.35971090083539,229
5.40679333333333,1.35658469134131,230
5.58061333333333,1.55245014306825,231
6.13313,1.27307112328064,232
5.68746666666667,1.57355849202249,233
5.67491666666667,1.26570651119099,234
5.57022,1.42938839329853,235
6.14084333333333,1.56051231456837,236
5.92767,1.49928921737763,237
5.93149,1.46501534683029,238
5.97323,1.62721665495791,239
5.74378,1.50946374318829,240
4.85585666666667,2.00613420764712,241
5.70566666666667,1.74460569664942,242
5.66665,1.32438807073174,243
4.41571666666667,2.95493473480448,244
4.12581666666667,3.07561142259813,245
3.71972666666667,2.93429940412656,246
4.14086666666667,2.8549991071118,247
4.12818333333333,3.08393699744262,248
2.62561666666667,3.02551943936715,249
4.40127,2.74392855719678,250
4.34595666666667,2.94060280656679,251
6.32622,1.49679217740635,252
4.54971333333333,2.82474900364779,253
5.81477,1.67256882279923,254
5.21365,2.18561531598833,255
5.11256333333333,1.44371453537175,256
4.58653333333333,2.03007477428675,257
5.40052,1.6008971545937,258
5.34980333333333,2.26189360835247,259
5.84017333333333,2.08103213001648,260
4.71018333333333,1.18994754914351,261
5.87829,1.46779771422923,262
5.89081333333333,1.3766959771893,263
6.07411333333333,1.27752418554158,264
5.76949,1.31717003545873,265
5.73395333333333,1.39605040288748,266
5.26423666666667,1.40549346849728,267
5.48782333333333,1.37446561695642,268
5.7863,1.50693504264737,269
5.65729333333333,1.55600651934042,270
5.36288333333333,2.24773328352155,271
5.63883333333333,1.30133069012356,272
6.00542333333333,1.39142002153675,273
5.59070333333333,1.29250196357707,274
5.75584666666667,1.6350248423154,275
5.67017666666667,1.28880737002199,276
5.82402,1.43402762715656,277
6.29593333333333,1.36881323612913,278
6.07909666666667,1.50324040761681,279
5.79681666666667,1.29369070467706,280
6.18767333333333,1.45082960094854,281
5.79989333333333,1.52174916459777,282
5.73376333333333,1.29222471716172,283
4.43839,2.29177286341443,284
6.17091,1.4953478352936,285
3.79333,2.93835739582861,286
6.04028,1.60221177566168,287
3.75079333333333,2.88308427459843,288
4.65251666666667,2.87890688188073,289
4.45664333333333,2.57577936738316,290
6.4196,1.64266731326491,291
4.78233,2.53225312295674,292
6.19297333333333,1.53681861288818,293
5.58581666666667,1.68143738306275,294
5.32292333333333,1.97224354841494,295
4.37942666666667,2.90310426160466,296
3.78967666666667,3.12593001672091,297
5.35427333333333,1.92891682896321,298
5.66924,1.61206452780064,299
5.64629333333333,1.62370082621691,300
5.77244666666667,1.38424444241897,301
5.92383333333333,1.54118581245278,302
6.46753666666667,1.47830443448668,303
6.15354,1.55196480643531,304
6.29740666666667,1.27257389296554,305
6.19035666666667,1.24492113188314,306
5.92747333333333,1.12940504078958,307
5.73699333333333,1.23785800894079,308
6.03063666666667,1.24103834070183,309
6.04049666666667,1.29458109094139,310
6.10134,1.26258023947132,311
6.1276,1.15152949293687,312
6.08476666666667,1.29208861667199,313
4.30799,3.04575272971826,314
6.03916,1.17975331044979,315
5.75379333333333,1.97505903323967,316
6.16886666666667,1.13554163966025,317
5.36613333333333,2.11112500215232,318
6.03753,2.01642487588887,319
5.65937333333333,2.25513659268749,320
6.13983666666667,1.71148107577826,321
5.75301333333333,1.58226938936003,322
6.23684,1.3392020713843,323
5.60280333333333,1.09347296530393,324
6.12837333333333,1.04845432042745,325
5.70064666666667,1.84799268447823,326
5.36571666666667,2.10282653490951,327
5.71347666666667,1.61107390521275,328
5.27709,1.97255118710735,329
5.71588333333333,1.26052265571655,330
4.17692,2.55881670772335,331
5.9384,1.33331153097117,332
6.10596,1.4742077532438,333
6.31056,1.16526135520364,334
4.64785666666667,1.82894749433191,335
5.65481666666667,1.62673824380279,336
6.42573333333333,1.61255909217217,337
5.58787,1.60961169447789,338
6.12621333333333,1.73971434748656,339
5.46143,1.50446605287104,340
5.83128,1.45388764931393,341
6.31246,1.47538570400631,342
4.8287,2.13550721698455,343
5.53017333333333,1.93221018095918,344
6.13638333333333,1.41739855151985,345
5.63017,1.42019107872971,346
5.23194,2.06076505472085,347
5.93453666666667,1.51221772937067,348
5.59069,1.30019303775008,349
5.67496333333333,1.1593731098829,350
5.61498666666667,1.71063965425587,351
6.06962666666667,1.40907574181125,352
5.51356,1.64203071469446,353
5.59951,1.47280329499856,354
5.67755666666667,1.28102920144469,355
5.83675,1.29338862569182,356
5.8054,1.50629363648339,357
4.60511666666667,2.07646627148365,358
5.72952,1.0397694702723,359
5.60631666666667,1.13611109282054,360
5.59192666666667,1.20147351512226,361
5.86497666666667,1.26576171061439,362
3.92948333333333,3.12525777188812,363
6.01391,1.19605081899587,364
6.2052,1.19066352292643,365
5.88492333333333,1.21760234029504,366
5.26146333333333,2.10965511783215,367
6.68665333333333,1.20089621468168,368
6.64876666666667,1.22979625319311,369
5.24325666666667,1.37901678209471,370
6.10574666666667,1.50050341891011,371
5.76970333333333,2.06294388619146,372
5.42696333333333,2.0778113568888,373
5.86769333333333,1.50018959788728,374
5.64487666666667,1.43639835836704,375
5.77687666666667,1.1419628847412,376
5.4516,1.3759747546802,377
5.22991,2.36342509541146,378
5.07858333333333,1.81368060490517,379
5.75473333333333,1.58386320820292,380
5.61396333333333,1.47740375530706,381
4.54367,1.97180011719556,382
5.70475666666667,1.60563421021819,383
6.03473333333333,1.54889857136218,384
5.99253666666667,1.21631002980704,385
6.11194333333333,1.22876650644775,386
6.26737333333333,1.15384535835116,387
6.17671,1.27877737739258,388
6.37611,1.20822668783921,389
6.11359,0.952584018685582,390
6.20824333333333,1.35917708157986,391
6.02473333333333,1.49944158555969,392
6.19832666666667,1.49027364669144,393
6.30359333333333,1.44101059053117,394
6.29875,1.56618508853575,395
5.74075666666667,1.7423906877469,396
5.51395,1.32999794730202,397
3.95067666666667,2.14590896835613,398
4.68400333333333,2.09193580067038,399
4.24754333333333,2.12829891822057,400
5.24346,1.23434324729304,401
4.48006,1.78414276984002,402
4.11529333333333,2.58368115572274,403
5.96210666666667,1.26851831213818,404
4.93833333333333,1.38358196804485,405
5.07942333333333,1.54802621529155,406
4.42919333333333,1.93317662944793,407
4.92548666666667,1.82784462512797,408
4.41019666666667,1.94832200862662,409
4.53895666666667,1.86161580830005,410
5.28907666666667,1.14226559375574,411
5.47787666666667,1.35501020601407,412
5.67035,1.21453574009393,413
4.63975333333333,2.7875262385941,414
5.07334,2.07241838183783,415
5.26279666666667,2.17148266787581,416
5.71245333333333,1.2437005490383,417
5.80356666666667,1.19549809510609,418
5.92653333333333,1.08459940303205,419
6.13059666666667,1.42351515561457,420
6.09994333333333,1.56036558618172,421
6.26461333333333,1.51929337493666,422
5.78261666666667,1.20442676108433,423
6.14859,1.31918666696959,424
5.47021333333333,2.00781172213438,425
5.65610666666667,1.25843460831396,426
5.09968333333333,2.32238240592884,427
5.77677,1.62765232650143,428
5.59245,1.89900200227782,429
5.22997333333333,2.31655045628317,430
5.44935,2.14759650222739,431
5.98886333333333,1.23135599168736,432
5.46727333333333,2.06944328894534,433
5.40317333333333,1.99447677901323,434
5.91798666666667,1.20627638702126,435
4.06235333333333,2.91074853884148,436
6.35111666666667,1.32976398245064,437
5.83189333333333,1.31187811669281,438
5.77532,1.18359087450305,439
5.52669666666667,1.32752302648601,440
5.91871666666667,1.14678694232711,441
3.94346333333333,2.62986714040755,442
5.80371333333333,1.39003116207524,443
5.36898333333333,1.47800898977326,444
3.29750333333333,2.84177098127004,445
3.47619333333333,2.80317274012653,446
5.62768,1.3230988847764,447
2.94685,2.93701246105278,448
5.64856666666667,1.22511488084358,449
5.70385666666667,1.26926079727759,450
4.36324333333333,2.67350972134504,451
2.30879333333333,2.81732383176969,452
5.56592,1.13463078406058,453
4.63995333333333,2.13214741382927,454
5.19317,1.6054854619022,455
5.31434666666667,1.0968483907222,456
5.70655333333333,1.23546558409017,457
5.38422666666667,1.18096949417033,458
5.49088,1.18614460838466,459
5.64941666666667,1.31001344901844,460
5.58617,1.34127723538887,461
5.21138333333333,1.47118931787278,462
4.94034333333333,2.26014117451701,463
6.01183,1.35395820190922,464
4.95156,2.18735894372406,465
5.50729666666667,1.31234367830554,466
5.42688333333333,1.32811396116846,467
6.18702,1.69137066909529,468
5.59412333333333,1.28018268138287,469
5.94933,1.37962639999085,470
5.79608666666667,1.24627430775128,471
5.89342,1.3909519492432,472
5.65657666666667,2.05269502457612,473
5.92536333333333,1.39071018014571,474
4.88427333333333,2.74983482926337,475
4.61350333333333,2.32553090067376,476
5.94469333333333,1.27240196233232,477
4.97698666666667,2.03349752070482,478
5.31451333333333,2.55509155699824,479
4.93476333333333,2.5283596147923,480
4.72108,2.64064695892033,481
4.46714666666667,2.64542389038432,482
3.7384,3.00122235442322,483
6.00821666666667,1.41849691674536,484
4.42957333333333,2.63342648247008,485
3.97584333333333,2.74578861791369,486
4.29969,2.52617625621863,487
6.25734,1.18648301747586,488
5.53348666666667,1.24507234819101,489
5.65356,1.05539212474109,490
3.29546333333333,2.79379168607126,491
2.68552666666667,2.67808508182083,492
5.45877666666667,1.40420417605755,493
5.65533333333333,1.33929141464184,494
5.75268666666667,1.05098670870999,495
5.45971,1.16843718328195,496
5.99036666666667,1.26899009977751,497
6.00728,1.27208416914106,498
4.98958333333333,1.75834245616743,499
5.57941666666667,1.16916270425591,500
5.13466,1.00902815196023,501
5.31247,1.71281886719746,502
4.58552,1.79279056018534,503
5.69111333333333,1.05029025306253,504
5.70185666666667,1.31546594463929,505
5.61566333333333,1.08325124715888,506
5.64685,1.20136941625394,507
5.68956,1.2018656983896,508
5.65956333333333,1.14145044675724,509
5.68629333333333,1.29695003331645,510
5.70160333333333,1.21371527124103,511
5.62752333333333,0.912136591284945,512
5.84901333333333,1.05291646318062,513
5.87455,1.16228941845023,514
6.15178,1.04806988000768,515
5.97340666666667,1.15872703427253,516
6.07084,1.0800567320987,517
5.11516,2.09889638859782,518
5.84056666666667,1.28541801689603,519
5.54016333333333,1.16921672793587,520
5.55219666666667,1.25584570172463,521
5.76086666666667,1.36863610093465,522
6.01238666666667,1.20261030915179,523
6.09281666666667,1.63515721127197,524
5.99075666666667,1.33373165622478,525
6.34255666666667,1.65066623408045,526
5.57126333333333,1.66114870734668,527
6.3645,1.48554008685568,528
5.80699333333333,1.32362883013102,529
5.97332333333333,1.14567293180827,530
6.11598333333333,1.69047931604871,531
6.17241333333333,1.89659148942178,532
4.84129,2.28051124914629,533
6.37585333333333,1.56262103503263,534
6.34020666666667,1.33643488455056,535
6.19583666666667,1.39028428933111,536
6.74156,1.32175201143185,537
6.58895,1.42813920594308,538
3.58453333333333,3.2852939782732,539
3.62830666666667,3.3792703387008,540
4.03066,3.46256278355627,541
3.97074,3.15317766733705,542
3.14119333333333,3.09513450857324,543
4.11351333333333,3.13483024648845,544
5.44681666666667,2.64681921025627,545
5.38543666666667,1.81305839578879,546
6.12132,1.62462208430994,547
6.30548,2.20093234873863,548
6.32705333333333,1.4792706198369,549
6.2793,1.52324053277532,550
6.27786666666667,1.23920504783297,551
6.46425333333333,1.38929417548012,552
6.11871333333333,1.63521990796415,553
5.89712666666667,1.58944478094653,554
5.20773,2.08109550529821,555
5.21999,2.39609912585666,556
6.22610333333333,1.34232261050694,557
6.26132666666667,1.2930877448248,558
5.84549666666667,1.51364193540256,559
5.45320333333333,1.87609062689768,560
5.16408,2.33151716823898,561
4.30369666666667,2.43713598781273,562
4.64475333333333,2.55902642232567,563
5.04723333333333,2.35938380929009,564
6.16772,1.70932821819487,565
4.72317,2.85667062132199,566
3.91254333333333,2.99299354074713,567
5.80232,1.24235072575867,568
5.15576,2.07660915430038,569
6.14807333333333,1.14666680995722,570
5.39919,2.14783253703307,571
5.27573333333333,2.10892275529857,572
5.72766,1.56416674845284,573
6.08457,1.16744248566892,574
5.90831,1.36578483041803,575
5.95968,1.27383016120133,576
6.17822,1.16547841513171,577
5.78586333333333,1.23711175406972,578
5.04007666666667,2.29289338740128,579
5.13865,2.12195896004222,580
4.14288333333333,2.24978232021085,581
5.80846,1.24807967075493,582
3.32111333333333,2.6742961141248,583
4.53760333333333,2.25957965231609,584
5.77292666666667,1.17609377204527,585
5.06717,1.91110370622986,586
5.33014,2.30655299805307,587
4.8525,1.64635519651849,588
5.08254,2.37418256155381,589
4.41765333333333,1.96371613296081,590
5.47923333333333,1.47482402090679,591
4.85042333333333,1.8633605793692,592
5.55338,1.30306078864209,593
4.26015,2.35558325550609,594
5.86901666666667,1.88995705353201,595
5.1316,1.14622274058513,596
5.86434333333333,1.16516741099452,597
4.58858666666667,1.25046980488117,598
4.65852,2.50255932147816,599
6.12755,0.881789320662528,600
6.01066666666667,0.963159167328638,601
4.79451,1.70770457558758,602
5.40374666666667,1.18357267647819,604
5.52643,1.26057871634557,605
3.92393333333333,3.13877120249457,606
4.14570333333333,3.10903267919997,607
2.84801333333333,3.18643903189031,608
5.80826333333333,1.2341550370621,609
5.18847333333333,1.93823376155633,610
5.62428333333333,1.40628924186371,611
5.38466333333333,1.04420281802,612
5.15510333333333,1.03733624531806,613
5.28472666666667,2.09724931820531,614
5.50635666666667,1.39074772909702,615
5.23777666666667,1.4438819601872,616
4.90404666666667,1.1955873572356,617
5.11641333333333,1.62866800044643,618
5.38787333333333,1.28131263162197,619
5.55981666666667,1.37015409052472,620
5.24108333333333,2.06205616617765,621
5.45208666666667,1.24289084374746,622
5.93150666666667,1.32805335578662,623
5.69061666666667,1.94214943174563,624
5.67543333333333,1.39026441130216,625
5.51985333333333,1.36949092196091,626
5.47642666666667,1.2637233746118,627
4.96533333333333,1.44448027721543,628
4.93227666666667,1.71979605139746,629
5.89910666666667,1.46124303790167,630
5.43702,1.30369255086175,631
5.14520333333333,1.54133164268665,632
5.31777,1.28255620651185,633
4.71553333333333,2.20855896712412,634
5.29438666666667,1.16828665788346,635
5.30976666666667,1.44872685613202,636
5.60765,1.35952366043253,637
5.40683333333333,1.26135071590171,638
5.40385666666667,1.10022969754857,639
5.69519,1.26150657695061,640
5.96413333333333,1.32900854446628,641
5.53483666666667,1.16996359256156,642
5.57344666666667,1.23982758916334,643
5.58278333333333,1.21249997542363,644
5.50143333333333,0.999024654465487,645
5.58759666666667,1.22313831385338,646
6.04853666666667,1.40443828297229,647
5.50603666666667,1.1891531772459,648
5.55003666666667,1.5943152544833,649
5.94325333333333,1.25164478814005,650
6.09815333333333,1.16536844306509,651
4.22594333333333,2.96410810423215,652
6.07779,1.23561087344933,653
4.62992,2.61075131561779,654
5.83821666666667,1.43588631551803,655
4.34733,2.53705282740998,656
0.789966666666667,2.10192493014237,657
5.09977666666667,2.57407972931785,658
6.07975666666667,1.66572549373277,659
5.05600666666667,2.22446685746361,660
6.81598333333333,2.35762283405206,661
5.10746,2.3839122671892,662
4.8797,2.92238014615154,663
5.19453666666667,2.36443080392306,664
6.10108333333333,1.81668802553615,665
5.72859333333333,1.71699559936241,666
6.70602666666667,1.44793353365583,667
5.91916333333333,1.18781530245536,668
5.94970666666667,1.14026841393423,669
6.08371333333333,0.991176379701494,671
5.91327,1.08171034084119,672
5.65050333333333,1.14827510415235,674
5.57157333333333,1.10346404998495,676
5.57480666666667,1.1464844802274,678
6.09182,1.26054227559084,679
0.293243333333333,1.15182964667264,682
1.15428333333333,1.98689567382844,683
0.287523333333333,1.12626902270539,685
0.399856666666667,1.26013518696876,686
1.45893333333333,2.00559979477004,688
1.98820666666667,2.21819842477587,689
2.93161,2.18585957152976,690
3.74827666666667,1.65275708870492,691
6.18602333333333,1.55525127866259,692
1.85213333333333,2.71619107185974,693
5.79183333333333,1.57234646557815,694
5.91277333333333,1.59007472215081,695
3.9053,2.76371048286601,696
2.31854,2.9724004623687,697
5.97972333333333,1.19209655437554,698
4.69566333333333,1.08291334275626,699
6.39489333333333,1.22530122571845,700
5.33873,2.14684514372554,701
5.72921,1.16799838578951,702
5.49341,1.15863738975187,703
5.46121,1.45501839527417,704
5.32646,1.14615164056612,705
6.88975333333333,0.933508236756352,706
5.83174666666667,1.05246853920817,707
6.19589333333333,0.972598509480494,708
5.25358333333333,2.00639986544494,711
5.03831666666667,2.18046958562842,713
5.51049,1.78397377635551,714
6.28106,1.19849031978598,715
6.51344333333333,1.15172114431592,716
6.29687666666667,2.04331748384376,717
6.36751333333333,1.24171679866705,718
5.75909666666667,2.20551847270359,719
6.57634666666667,1.45101440087279,720
6.18121333333333,1.47276865583472,721
6.56538666666667,1.34828607619613,722
5.77483,1.53099783984847,723
5.30830666666667,1.9533160384743,724
4.52768,2.56115016853622,725
4.29566,2.57920115587807,726
5.06908333333333,2.03350184437879,727
5.75178,1.13876996569045,728
5.92720666666667,1.10912068275708,729
5.71116666666667,1.44765975554206,730
5.69754,1.18950421535395,731
5.70237,1.11743549228302,732
5.95908666666667,1.25589956542583,733
5.65538666666667,1.32489021945563,734
4.7565,2.13479077033405,735
6.01615666666667,1.28458617774654,736
5.81851,1.26050547943659,737
5.90582,1.3374260014077,738
5.80381,1.32579344216053,739
6.10659,1.27185721665277,740
5.57609,1.52059192679285,741
5.82041333333333,1.3825430987192,742
4.68275666666667,1.9297879493449,743
4.7354,2.33043201100805,744
5.54040333333333,1.24809841385932,745
5.02272333333333,2.03171817294239,746
5.03725666666667,2.99384127405986,747
5.07572333333333,1.52140694564747,748
4.96962666666667,2.29220962315966,749
5.05597666666667,1.92065035549354,750
5.40841333333333,2.14615997262365,751
5.64315666666667,1.51299184711511,752
4.21319333333333,2.60603923329471,753
5.81844333333333,2.08862844497553,754
5.93333666666667,1.48734994919414,755
5.00865333333333,2.28044239911429,756
5.59134333333333,1.37719345063476,757
5.45812,1.77187707100651,758
6.24284333333333,1.80400863054808,759
5.48181333333333,1.53413779822871,760
5.9053,1.80521200951865,761
5.11367333333333,2.16442811080677,762
5.95974666666667,1.91474979903891,763
5.71502666666667,1.99962502259511,764
5.94407,1.76349440329372,765
6.00016666666667,1.38196608155725,766
5.94149,1.71490003777238,767
4.40836,1.90640095551078,768
5.61112333333333,1.22623772001538,769
5.76325666666667,1.26052984335497,770
6.10181,1.20206987901473,771
5.51107,1.94701122150212,772
4.86372,1.68575451978202,773
4.46866333333333,2.08298362625103,774
4.88583,2.12038095001981,775
4.73107,2.08300826991091,776
5.33072333333333,1.79530502944406,777
5.6898,1.220351802301,778
4.69174666666667,2.66162574258839,779
5.78404333333333,1.89993046346136,780
5.94997333333333,1.19216357820368,781
6.35849666666667,1.32940463975247,782
6.79871666666667,1.0312187239423,783
5.04121,2.12794671655971,784
5.32947333333333,2.40082246524169,785
6.58346,1.57237224745024,786
4.63323333333333,1.88377413872978,787
5.79618,1.65608099635337,788
6.16487666666667,1.31804050423957,789
5.98916333333333,1.19233905484667,790
5.53648,1.31235005249204,791
5.19863666666667,1.83545068720489,792
5.31440333333333,1.7939439503187,793
5.19803,2.0855327936062,794
5.20974333333333,1.46597545063025,795
6.15376333333333,1.53304030616724,796
5.95915666666667,1.30157235778125,797
5.72916333333333,1.0794282868909,798
5.76753666666667,1.25498057341286,799
5.54873,1.55131760885762,800
5.60491,1.36262862483029,801
5.57460666666667,1.0870957823274,802
5.48226333333333,1.25702737234163,803
5.52665333333333,1.07755359086934,804
5.24414333333333,1.08135832419178,805
5.40938666666667,1.12668964601472,806
5.60400333333333,1.11895408814116,807
4.52193333333333,2.22623531803454,808
5.47874666666667,1.12021672864068,809
5.05914,1.4447932515499,810
5.25130333333333,0.967685138477328,811
5.46875333333333,1.08073474647107,812
5.17778666666667,0.864588224784944,813
5.22642666666667,1.02699404085614,814
5.32770333333333,1.00454520417445,815
5.38498,1.07821673286704,816
5.25948333333333,1.03855149626887,817
5.59411,1.17881655130079,818
5.43123,1.12150226348412,819
5.65985,1.31181760684201,820
5.01332666666667,1.73038648063599,821
5.79547666666667,1.41008949451453,822
5.48984,1.21033825525674,823
5.28795666666667,1.80939857900703,824
5.71979,1.09504944947391,825
5.44725333333333,1.06999701699015,826
5.72535333333333,1.36407644409444,827
6.19569,1.37709151659175,828
6.06727666666667,1.28741998363563,829
5.85463,1.34922994388753,830
5.29361,2.55242296818479,831
5.85953333333333,1.91430778870198,832
6.30412333333333,1.35007291033851,833
6.50401333333333,1.26288708036274,834
6.46061666666667,1.08825255248426,835
6.18159333333333,1.65226655149688,836
6.61754,1.04321409962441,837
6.07275333333333,1.12180837220714,838
5.89211,1.13268226525998,839
5.93692,1.13705598333652,840
5.74409666666667,0.917768754017359,841
5.93673,1.1259789653667,842
5.83985666666667,1.11478884831762,843
5.04961333333333,2.00371292694567,844
6.01396,1.22078094298634,845
5.83356666666667,1.22643594019512,846
5.96380666666667,1.53085893783204,847
6.01731,1.22423264927534,848
5.70771,1.25856698103781,849
6.17904,1.25272713670395,850
6.23257333333333,1.78919415648755,851
5.68937,1.1301109302127,852
5.06904333333333,2.80555375327942,853
5.51134,2.58030225890502,854
4.85410666666667,2.69789331681583,855
5.06438,2.57378667743959,856
5.57571,1.58558393602244,857
6.22507666666667,1.6204888738052,858
5.87092333333333,1.35849807119362,859
6.07303,1.22752327350645,860
6.25149333333333,1.3265019016671,861
5.77466333333333,1.29288087391161,862
5.93330333333333,1.35089018581321,863
5.74341333333333,1.2229735240412,864
6.05138666666667,1.74923849042028,865
5.58241333333333,1.07178118898284,866
5.22601666666667,2.08790629035377,867
5.88366333333333,1.31059755191743,868
6.08266,1.3685679330272,869
5.44693333333333,1.46624830007447,870
6.08526,1.36021643526265,871
5.91679,1.32497421011986,872
5.77023,1.3975909650612,873
5.88821333333333,1.38179229706562,874
5.96398,1.34123020662838,875
6.18807333333333,1.54602613260987,876
5.96462666666667,1.31550562796037,877
5.86237333333333,1.34434920646369,878
6.14854333333333,1.41477621105524,879
5.13348666666667,2.1667609388262,880
5.0007,2.0956958840969,881
4.43890666666667,2.39748688377748,882
4.23967666666667,2.74279702250789,883
3.98562,3.01344921075387,884
3.50482333333333,3.04404939316981,885
3.05504,3.0011796774395,886
2.59224666666667,2.55657079870314,887
5.95299,1.44169262287842,888
5.82471,1.24767499120951,889
2.82810666666667,2.99625538331147,890
0.536356666666667,1.40904860949491,891
5.75607,1.32614312150844,892
5.47060666666667,0.979875308722328,893
3.06214,2.65134407132528,894
5.69917,1.12892237574081,895
2.72109333333333,2.68840042813994,896
5.40702,1.19840400775077,897
3.46743666666667,2.6278697686573,898
3.75121,2.43521366808067,900
3.92088666666667,2.34009338536518,901
3.74832,2.43312794019947,902
4.06995,2.21667368692605,903
5.11229333333333,1.05250333701931,904
5.17138,1.04609451686112,905
3.96606666666667,2.37107554371913,906
4.65580666666667,1.62024967721205,907
4.50302666666667,1.79636863698797,908
4.20195666666667,1.86590668330871,910
4.40496,1.74367707082199,911
4.81494,1.31305669588967,912
5.07397666666667,1.69969985822717,914
5.52085666666667,1.05955615681132,916
6.42009,1.19727021878651,917
6.48889333333333,1.19048369362273,918
6.23803666666667,1.1805935831645,919
6.34715,1.26832665262488,920
4.79689333333333,1.22758746466486,921
5.22109333333333,1.57748075608424,922
5.00284666666667,1.57148901972824,923
5.70944,1.49707978793659,924
5.64168666666667,1.74501105316791,925
5.12335,2.5998346774694,926
6.16666,1.48471248362586,927
5.51270666666667,1.10431341875872,928
5.86284333333333,1.32777212593212,929
5.86282333333333,1.34498304993379,930
0.637853333333333,1.72607606431933,931
5.84838,1.20368607071262,932
6.08309333333333,1.30285253563448,933
6.08077,1.25598876975816,934
5.78542666666667,1.49951838657556,935
6.18625,1.48549060391183,936
5.94945,1.38736271834059,937
6.28174,1.59659080146115,938
6.08579666666667,1.47130453948852,939
5.83401,1.72019419440024,940
4.86204333333333,2.19729749726926,941
5.2409,1.84995553758313,942
5.72119666666667,1.44205029647884,943
5.87011333333333,1.19623573179495,944
5.29757666666667,1.18599023362942,945
6.04297333333333,1.35564658422958,946
6.12335,1.3109410828051,947
5.98930333333333,1.13357143226948,948
6.09130666666667,1.31602001450385,949
6.24940666666667,1.22062362747655,950
6.27087333333333,1.41486886779569,951
6.20877333333333,1.16915178653331,952
5.82716,1.27889581511984,953
5.66661,1.19021586287588,954
6.15688666666667,1.48785760459132,955
6.17584,1.47565303500658,956
5.83806,1.25591949050116,957
5.71713333333333,1.28447298204719,958
5.37948,1.65226391654936,959
5.28962666666667,1.58401224588904,960
5.53212666666667,1.25614420842824,961
5.52553666666667,1.61279903433779,962
5.27721333333333,2.59705609392414,963
5.29570666666667,1.36341577409735,964
4.85026,2.2291606152742,965
5.27394,1.6249209478066,966
5.11627,1.79403591209779,967
5.08237,1.96031948806205,968
5.70661,1.50003847820763,969
5.84857666666667,2.17958218088465,970
5.64033666666667,2.08593879294661,971
6.07276666666667,1.42220560745803,972
4.97739333333333,2.72626048543362,973
6.22488666666667,1.33700198430032,974
6.61894333333333,1.15327951024334,975
6.39427666666667,1.51054799526149,976
5.9987,1.72005430146842,977
5.71047333333333,0.97905352392637,978
4.50725,2.22232273033388,979
5.13203333333333,2.27563261069325,980
5.66252,1.2424300009145,981
5.40562,1.67362044731031,982
5.95468666666667,1.2446730992329,983
4.891,2.29690097515221,984
5.67763,1.39927515155477,985
6.00924,1.32771240513848,986
4.36915666666667,2.32390690354268,987
4.47837333333333,2.5211629442934,988
5.88636666666667,1.4289247146823,989
5.31634666666667,1.6352107652265,990
5.84757333333333,1.22663812215039,991
5.93868,1.33198084650203,992
6.21440333333333,1.9165626516174,993
5.63356,1.13818056703337,994
6.05398,1.40584048155764,995
5.7491,1.17981080978967,996
6.12524333333333,1.38959714893682,997
6.0599,1.3341496405757,998
5.91723333333333,1.42657792137238,999
4.72313666666667,2.12743035584106,1000
5.66654666666667,1.13133762323505,1001
5.91725666666667,1.22758260953383,1002
5.92720666666667,1.17031601713128,1003
4.10929,3.1473368241069,1004
5.95461666666667,1.273271363412,1005
5.85924666666667,1.09976437405327,1006
5.55592,1.290181828244,1007
6.23795333333333,1.24938639663314,1008
6.08603,1.29280552345771,1009
5.38915,1.20819901042548,1010
6.43953666666667,1.58258256797908,1011
5.42547666666667,1.84761232996821,1012
5.71232,1.31928180995152,1013
5.48196,1.49423158769154,1014
5.58730333333333,1.51141642918234,1015
5.30926,1.29515829643623,1016
5.91129333333333,1.11758174427039,1017
5.8925,1.34997408966195,1018
5.08870666666667,2.41885115248646,1019
5.96579333333333,1.18697515731878,1020
6.09682666666667,1.16470720752658,1021
6.05851666666667,1.26545805229823,1022
5.85463333333333,1.0088444356799,1023
5.85703,1.21948113956659,1024
5.64727333333333,1.0597354051458,1025
4.82451666666667,1.94208341027652,1026
4.83648666666667,2.15540454187293,1027
5.9996,2.36967092564813,1028
5.16237333333333,1.80427181527682,1029
3.60631333333333,2.44403446526482,1030
4.92485666666667,1.27666648027219,1031
5.12237,1.28755665617559,1032
3.78915333333333,2.62763957754317,1033
5.42128,2.01771523270155,1034
6.06083333333333,1.42966288390277,1035
4.84859,1.84515016122883,1036
5.19374333333333,2.10627821535315,1037
5.74174666666667,1.7358712793398,1038
5.08523,2.37914532019089,1039
2.88372666666667,2.50322286592819,1040
6.01978333333333,1.50810465361803,1041
6.29812666666667,1.55512228190524,1042
4.04453333333333,3.00559350388151,1043
6.69459333333333,1.68599870248515,1044
5.65385333333333,1.64138836874686,1045
5.27662333333333,1.5507431076708,1046
3.12444333333333,2.49074390088215,1047
5.73757,2.06383476402712,1048
5.03114666666667,1.24060748682563,1049
6.05787,1.35462536318578,1050
5.91393333333333,1.59984317255836,1051
5.91526,1.50718883415221,1052
6.28985,1.52862439281543,1053
5.56177666666667,1.23105591645416,1054
5.51273666666667,1.25452483503223,1055
6.43833,1.68635678908808,1056
5.94264,1.2162950914064,1057
5.59181,1.91587670151651,1058
5.97949333333333,1.24724090169084,1059
6.35651333333333,1.29841306421852,1060
6.01320333333333,1.18758178708794,1061
6.02600333333333,1.40385699573399,1062
5.54367333333333,1.47462986049763,1063
5.39553333333333,1.77221851951714,1064
5.92269333333333,2.11169711123759,1065
5.97666333333333,1.08017927295086,1066
5.93568,1.18076551685468,1067
5.58355,1.56235100028881,1068
5.94609666666667,1.63487740624084,1069
5.77535666666667,2.06208165507465,1070
4.95517666666667,2.40893717123424,1071
5.96101,1.62751272580437,1072
6.02159,2.20021642467594,1073
6.17438333333333,1.66693063651552,1074
5.08524666666667,2.48216743603363,1075
5.81033666666667,1.98876455177638,1076
5.84365,1.7445518821413,1077
4.36874,3.28973683682847,1078
3.88394,3.16317562177741,1079
4.51305666666667,2.95813805798959,1080
5.14241666666667,2.79235712542639,1081
5.46378,2.14344410356404,1082
5.88260666666667,1.69577703681077,1083
5.74950333333333,1.92493367901577,1084
6.00997,1.23552376249494,1085
5.07442,2.0011827058879,1086
4.37031666666667,2.39420979996833,1087
3.92984666666667,2.76104137047442,1088
5.60041333333333,1.13203318725975,1089
2.78462666666667,2.74351799978175,1090
3.32172,2.67171012693084,1091
1.00593666666667,2.4518669367455,1092
3.45859666666667,3.05930032878641,1093
3.38039666666667,3.18299307987627,1094
3.55114666666667,2.65684682928822,1095
3.33921666666667,2.96990576677203,1096
6.07298,1.52410086900328,1097
5.95646333333333,1.75093243267169,1098
5.02202,2.79087055030356,1099
4.20226666666667,3.03034124848982,1100
3.67708666666667,3.60513080997867,1101
3.95237333333333,3.5065229551689,1102
3.1349,3.50696680092051,1103
1.64001,2.63225940228752,1104
0.813376666666667,1.90757596887332,1105
1.60862333333333,2.78417048795301,1106
1.38982333333333,2.63868196979337,1107
1.44516,2.73514064450832,1108
1.7968,2.83535110445201,1109
1.77527,2.79761047128956,1110
2.99211,3.32256786488901,1111
2.90955666666667,3.30890302342065,1112
1.22173,2.52875555385212,1113
5.25863,2.91522275261168,1114
6.41633666666667,2.20590090102908,1115
7.36658666666667,1.47611260591234,1116
6.12577333333333,2.71569347451811,1117
6.74057,1.56851628532981,1118
6.48178666666667,2.24075976135148,1119
6.50789,2.04856208483263,1120
6.74928333333333,1.42146419511309,1121
6.87927666666667,1.42216951113512,1122
6.09376333333333,1.51615950381976,1123
6.29433333333333,1.09274202600719,1124
5.78658333333333,1.48618158102622,1125
5.80709,1.65332988162761,1126
5.77195333333333,1.57797941132789,1127
6.00365,1.63695979618021,1128
6.08596333333333,1.65813545856604,1129
5.31878666666667,1.99549405026517,1130
5.96833,1.86951350838513,1131
5.39993333333333,1.52527823314494,1132
5.36419666666667,1.68102595017475,1133
5.38300666666667,1.69821101587429,1134
6.77445333333333,1.2321912163334,1135
5.82383666666667,2.62103793266547,1136
6.51846333333333,1.72161235483872,1137
6.48766,1.43672091417971,1138
4.33393333333333,1.29630777591013,1139
5.58703666666667,1.45707756816296,1140
5.0323,1.04636783701757,1141
5.61908666666667,1.10007266146639,1142
5.62059333333333,1.49527042437915,1143
5.43358333333333,1.1481299767473,1144
5.82031,1.76600675152964,1145
5.65515,1.16048021027861,1146
6.32588666666667,1.3109612197987,1147
6.16932666666667,1.08550290361064,1148
6.27828,1.23297211406786,1149
5.80570333333333,1.1413943612615,1150
5.79396,1.17913674519204,1151
5.50533333333333,1.10924040375986,1152
6.10868666666667,1.21899958692345,1153
5.81789333333333,1.15857846933611,1154
5.67879,1.20565227140819,1155
5.98661,1.11138425471152,1156
5.84641,1.2872411893471,1157
5.28245,1.37534192281599,1158
6.08825666666667,1.23808624697717,1159
5.24859,1.79899346117345,1160
5.54946333333333,1.87427741616526,1161
6.00208333333333,1.20345193107257,1162
5.72428666666667,1.27993341899392,1163
5.62105666666667,1.75968990071494,1164
5.84188333333333,1.46344015842769,1165
4.85746666666667,2.14464526917034,1166
5.85924666666667,1.50188127790433,1167
5.25469,1.2362352084398,1168
5.45249,1.73302549543496,1169
5.05875333333333,2.17898725775789,1170
4.55595333333333,2.54131529462848,1171
4.3216,2.72079048756816,1172
4.97962666666667,2.28856845888178,1173
4.86507666666667,2.32955731767504,1174
5.98377666666667,1.46982733672415,1175
5.99703333333333,1.42006255625524,1176
6.12384333333333,1.23246652292321,1177
5.36590333333333,1.37386405980217,1178
5.68414,1.27885615825911,1179
4.82645333333333,2.30814607553833,1180
5.77930666666667,1.5313368948312,1181
5.39957666666667,1.6941767958639,1182
3.96429,3.20956323598066,1183
5.97298666666667,1.27589504047114,1184
6.07251333333333,1.20411196172441,1185
5.81809666666667,1.17482567437085,1186
5.33796,1.45317477592315,1187
5.38310333333333,1.25829779011536,1188
5.32866,1.6904986135702,1189
4.89703,2.21809937810233,1190
4.84368666666667,1.97588107047051,1191
5.14504,1.27134589465734,1192
4.84121666666667,2.47240582221298,1193
4.10152666666667,2.70408293319735,1194
4.65685666666667,1.66063768281185,1195
4.72856,1.85577281357019,1196
4.32668666666667,1.83373584355927,1197
5.24734,1.49307383206592,1198
5.55644333333333,1.79077135714605,1199
5.36239666666667,1.54933210493032,1200
5.39364666666667,0.922414036638919,1201
5.47316333333333,1.51326260101929,1202
5.34302,1.3057871605096,1203
5.16224,1.15740332450974,1204
6.19639333333333,1.46679803370408,1205
4.45547666666667,2.24901433807903,1206
4.85712666666667,1.94192680051919,1207
5.17467333333333,2.43278902949331,1208
5.53856333333333,1.31880428117954,1209
5.68637333333333,1.32984585778626,1210
5.90800333333333,1.07195935637161,1211
5.94079,1.33238627058165,1212
5.86592666666667,1.31111934224509,1213
4.21979666666667,2.30464522492012,1214
5.66563333333333,1.52522507289531,1215
5.81172333333333,1.66098112773088,1216
5.21161,2.09592679974673,1217
6.26774666666667,1.13862047194245,1218
4.71585333333333,2.39706067316841,1219
5.07854666666667,1.99634530454741,1220
5.31053333333333,1.55961788762578,1221
5.65071666666667,1.41257303285916,1222
5.69090333333333,1.12988477791668,1223
5.17014666666667,1.36835171313905,1224
5.76882,1.39576966343996,1225
6.03826666666667,1.28793429644296,1226
5.63271333333333,0.878277499047615,1227
6.05619333333333,1.33830201141115,1228
5.97287333333333,1.32900805553547,1229
5.65254666666667,1.08794145688506,1230
5.75912666666667,1.03831959199778,1231
5.40980333333333,1.10372655268049,1232
5.356,1.11719549735503,1233
5.23038,1.04239667127052,1234
5.57013333333333,0.911285096512851,1235
4.20689666666667,2.53686293942672,1236
5.34231,1.42446654415391,1237
5.19564666666667,1.79162655451703,1238
5.52589,1.10285617918454,1239
5.67136,1.25249652228852,1240
5.78258,1.33011441830885,1241
5.60512,1.17380717161633,1242
5.40956,1.5629022866626,1243
5.56459,1.2945404862677,1244
5.24003,1.24355542509205,1245
4.42577,2.09423432130152,1246
5.31518666666667,1.168965077421,1247
5.54499,1.29068643013361,1248
5.55798666666667,1.2930512702141,1249
5.36531333333333,1.21150134692835,1250
5.48729666666667,1.69437539086264,1251
5.27346333333333,1.47804381683063,1252
6.05934333333333,1.46438460434299,1253
5.37762666666667,1.04890682533287,1254
5.38426,1.2474061235081,1255
4.74221333333333,2.1681652185635,1256
4.54734333333333,1.9917972746316,1257
3.83773666666667,2.6878208732243,1258
3.61332,2.76005283412699,1259
6.01077,1.50482997255848,1260
3.83903333333333,2.71621819172493,1261
6.07479,1.56855117079864,1262
4.66098666666667,2.91704051852432,1263
3.65524333333333,2.97286074771403,1264
4.19053,2.99276124929401,1265
5.60544666666667,1.20786684003841,1266
4.2778,2.8476529215091,1267
5.89165,1.27579324499133,1268
5.69715,1.08595898974768,1269
4.62229333333333,2.26673516955985,1270
5.96929333333333,1.26263356109728,1271
5.56412333333333,1.10825609379637,1272
5.09517666666667,1.80604879562968,1273
5.82495666666667,1.56580365146912,1274
4.16778666666667,2.55806031550218,1275
5.74458,1.18846887687913,1276
4.42911,2.7925203929549,1277
5.97145333333333,1.66349473362004,1278
5.13781,2.38663051159204,1279
5.85434333333333,1.84343730151291,1280
5.84754,1.66605982746408,1281
2.76714666666667,2.71162886023847,1282
4.60428333333333,2.80519846480673,1283
4.91216333333333,2.69945172676989,1284
5.40112333333333,1.85676106993229,1285
5.26969,1.66366823084122,1286
5.41369,1.33918131561915,1287
4.48543666666667,1.75126324149826,1288
3.26888333333333,2.54392404802628,1289
4.69425666666667,1.63216792824406,1290
5.23196666666667,1.65426639962236,1291
4.52311,2.34034840927438,1292
3.96847333333333,2.6197316260197,1293
5.79447,1.14699640956357,1294
5.76605333333333,1.35131962367655,1295
5.87333,1.16200788950672,1296
5.39200666666667,1.43914637268868,1297
4.39096,2.83014240674966,1298
5.09925666666667,1.69790861897874,1299
5.56131333333333,1.16138332135709,1300
3.45553666666667,2.9577909083596,1301
5.00584333333333,1.74735677281594,1302
4.94323333333333,2.31240827565837,1303
5.77730666666667,1.02953436543381,1304
4.78944333333333,2.15395945174964,1305
5.90353333333333,1.5305640288589,1306
4.50004,1.66052327950954,1307
4.66468333333333,2.16587746908544,1308
5.95818,1.76078383787566,1309
6.26914666666667,1.72815035240159,1310
5.78694333333333,1.40998994926311,1311
6.01297666666667,1.41571543450856,1312
5.32884333333333,3.00809717569135,1313
6.70369666666667,1.4634658924158,1314
6.19931666666667,1.7614828858944,1315
6.23312333333333,2.1109302642369,1316
6.84263333333333,1.21362153486376,1317
6.59628666666667,1.18399542046334,1318
6.22855666666667,1.62488980776169,1319
6.53464333333333,1.28500806644009,1320
5.46249,2.70110105140414,1321
6.12689666666667,2.04478125539195,1322
6.53914333333333,1.25636392121878,1323
6.60553,1.25594272633253,1324
6.34240333333333,1.35558783444123,1325
6.47476666666667,1.14555950110621,1326
6.34145,1.51426175520478,1327
6.53577,1.29240666124656,1328
6.38215,1.32569286679418,1329
6.36897333333333,1.33392964916428,1330
6.58462666666667,1.50778261351204,1331
6.65872666666667,1.87633878823359,1332
4.89225,2.71322027751348,1333
5.37331666666667,2.66319754871954,1334
5.79746333333333,2.29882100313862,1335
6.53084333333333,1.29790814819883,1336
6.77588333333333,1.45046951734503,1337
6.44755333333333,1.21104743058496,1338
6.35018666666667,1.44530436186873,1339
6.70486333333333,1.41890582017984,1340
6.34364,1.27963589988553,1341
5.73553,1.23567993404999,1342
6.36580666666667,1.66735658286906,1343
6.16571333333333,1.30894844363403,1344
5.43948666666667,1.24305996047388,1345
5.2402,2.1951627247828,1346
5.96899333333333,1.50402031051339,1347
6.01321666666667,1.22237996578279,1348
5.76501,1.333227907503,1349
6.20960666666667,1.43249084583543,1350
6.03672,1.17784157631515,1351
6.21327333333333,1.55256336090003,1352
6.51801666666667,1.549847403853,1353
6.12855333333333,1.47562440523777,1354
5.66835333333333,1.63673924949901,1355
5.71395333333333,1.27151460477689,1356
5.95836,1.85837024364973,1357
5.26722333333333,2.35672622679374,1358
5.48883333333333,2.46708376600912,1359
5.46961,1.80401635063123,1360
6.03956333333333,1.50068790007676,1361
3.94228333333333,2.79163581127913,1362
3.00185333333333,3.0658334055931,1363
5.11843333333333,2.12330211947681,1364
5.35039,2.00770649100771,1365
4.76236,2.81800320875469,1366
4.66853333333333,2.45775596405554,1367
4.36072,2.47348705668459,1368
4.88232666666667,2.63469426518306,1369
4.20561,2.62873670109611,1370
4.28515666666667,2.05623298687997,1371
4.84031,1.72900127407663,1372
5.46222666666667,1.2281335193428,1373
2.89706,2.89199478937862,1374
2.44153,2.78618135473676,1375
2.07947666666667,2.70423663722804,1376
5.01792,0.998360701660822,1377
4.84650333333333,1.30132117837944,1378
5.29349333333333,1.32143696757143,1381
5.10859666666667,1.69017015476474,1382
5.58406666666667,1.57290089354655,1383
5.11592333333333,1.67612521416949,1384
4.46078666666667,2.14226762079961,1385
5.80413333333333,1.31525659180969,1386
5.67281666666667,1.53219339332221,1387
5.18447,2.04944562195361,1388
5.25128333333333,2.01752572244993,1389
5.75049,1.25659954703982,1390
5.75199666666667,1.2597059576122,1391
2.69664333333333,2.83578224380229,1392
5.24942333333333,1.04608284622248,1393
4.25297,2.67547936486671,1394
3.76530666666667,2.69436111292651,1395
5.37439666666667,1.32203849948723,1396
5.30894333333333,1.32694298364722,1397
5.00935333333333,1.57826333577685,1398
5.2458,1.38090248550821,1399
4.63931666666667,1.52107567838284,1400
4.94021333333333,0.98926969431594,1401
5.23739,1.25459682721664,1402
5.25781,0.907964032915933,1403
5.30616,0.957354434996202,1404
5.60295,1.4058982581401,1405
5.29875666666667,1.04392076746616,1406
5.83556666666667,1.42243988548413,1407
5.67039666666667,1.27147505121043,1408
5.75673666666667,1.19604020070926,1409
5.11718,1.75476873658512,1410
4.85112,1.79898422265992,1411
5.3653,1.56852667153299,1412
5.63627333333333,1.25826936426882,1413
5.35381666666667,1.06982885936646,1414
5.38727,1.03500671267189,1415
4.74485,1.57956815480993,1416
4.77428,1.85133050764895,1417
4.45549333333333,1.89922336067855,1418
5.16823,1.49050845852381,1419
5.01958333333333,1.69087299245366,1420
5.42061333333333,0.949494328480214,1421
5.29900333333333,0.871386861108569,1422
5.48865666666667,1.05068327807008,1423
4.95534666666667,1.26902794641474,1424
5.32901333333333,0.963184674788343,1425
5.58197,1.00670032939644,1426
5.52023666666667,0.960922980688927,1427
5.74487666666667,1.12119055831624,1428
4.50531333333333,2.20429969060992,1429
5.16713666666667,2.05871516451626,1430
5.23657333333333,1.28051590571207,1431
5.07923333333333,1.63866220821854,1432
5.87077666666667,1.19022430070492,1433
4.49554,2.52413203526445,1434
4.17864,2.58208298467035,1435
5.78374,1.3269375505925,1436
3.36554,2.92606657566799,1437
4.66948333333333,2.34335368885961,1438
5.65507,1.29507551561209,1439
5.36303666666667,1.74680052183755,1440
4.83648,2.13614418446592,1441
6.10416333333333,1.67354705351637,1442
5.68863,1.81903824856945,1443
5.34146333333333,1.98835397120736,1444
4.73799333333333,2.63468505530427,1445
5.99226333333333,1.75017748961667,1446
4.21837666666667,2.75342637675232,1447
6.12022666666667,1.75593031829644,1448
6.02337,1.64667358827132,1449
5.97232333333333,1.2502725075878,1450
5.91782333333333,1.29387102557252,1451
4.78177,2.45069316150096,1452
4.97691333333333,2.19297201858547,1453
5.29042,1.48552902068938,1454
4.35697333333333,2.83696996810929,1455
3.45173333333333,2.99236562079331,1456
2.56034666666667,2.92945726522535,1457
5.87530333333333,1.17325616583854,1458
5.38582666666667,1.6862618594319,1459
5.53057,1.92320950284351,1460
4.94738,2.57342738592343,1461
4.94572666666667,2.27040051881074,1462
4.56028,2.59221247498122,1463
5.45265,2.11498648968539,1464
6.72464333333333,1.45077324487925,1465
6.12645666666667,1.40494024285323,1466
5.25959,2.11325831447309,1467
6.16615333333333,1.34527168739981,1468
5.95604666666667,1.6736172364967,1469
5.68715333333333,2.02741135776862,1470
5.05235,2.27844321802379,1471
6.3086,1.44996199545914,1472
6.35297,1.38252924646997,1473
5.83514666666667,1.62230477699823,1474
5.54348333333333,1.82279770929826,1475
4.99964333333333,2.22807043590812,1476
4.70985,2.50360886001898,1477
4.28706,3.05744566812188,1478
4.61217333333333,2.66497094658852,1479
6.15268,1.59059105028332,1480
5.98710333333333,1.49778875207773,1481
5.35424666666667,1.95227784108246,1482
5.01871666666667,2.13154393260125,1483
5.24892,2.22703931424041,1484
6.26196666666667,1.43450506070749,1485
4.95486333333333,2.20472840715106,1486
4.97348333333333,2.18789685300012,1487
4.70864666666667,3.0810242122333,1488
3.98023333333333,3.17962464357398,1489
4.98575333333333,2.46085063800604,1490
5.45448666666667,2.23353639553084,1491
5.10622666666667,2.22753477126518,1492
5.45025,2.21311455470371,1493
6.49015333333333,1.60705258475288,1494
5.00393666666667,3.04562182784803,1495
7.37880666666667,1.4258423883816,1496
6.29424,1.78967337235713,1497
6.69413333333333,1.45386209048896,1498
5.59383333333333,1.55352591431131,1499
6.50088333333333,1.19908976342354,1500
5.03596666666667,2.25584519787631,1501
5.38767,2.39156281916961,1502
5.60729333333333,2.01197898133488,1503
5.98862666666667,1.55233270472567,1504
5.99796,1.28526540439091,1505
6.28840333333333,1.3794244763127,1506
5.47061,1.86509671587071,1507
5.00494333333333,2.27853217553626,1508
5.28309666666667,1.12211893661926,1509
5.15832333333333,2.0674155733391,1510
6.04384666666667,1.54177922247337,1511
6.00001666666667,1.85576791821186,1512
6.27517,1.26678290662498,1513
6.69883333333333,1.48515939846556,1514
5.87855666666667,1.31753714432579,1515
4.75055,2.09570989762419,1516
5.71842666666667,1.11175386848527,1517
4.88060333333333,2.50505953573457,1518
4.72286666666667,2.28998567550607,1519
5.61268333333333,1.61930214387585,1520
3.96509333333333,2.81273388654273,1521
5.92557666666667,1.47289537954736,1522
5.27827333333333,1.41712218924988,1523
5.28441,1.75814180596917,1524
5.22936,2.13105451387416,1525
5.41496,2.18614214551886,1526
5.92577,1.30974629134411,1527
4.6007,2.77145276356817,1528
4.11284333333333,2.73541596921002,1529
4.74534333333333,2.489187605554,1530
3.70028,2.90750188631006,1531
5.83359,1.25536887211248,1532
3.43979,3.12187501763902,1533
6.04032,1.09815668858759,1534
6.54712,1.28556847036632,1535
6.14642333333333,1.45228686315241,1536
5.92015666666667,1.45310893952464,1537
5.24389333333333,2.04227852890079,1538
5.71234666666667,1.64469556133385,1539
5.73713333333333,1.51627099236873,1540
6.20560666666667,1.5127966034475,1541
5.5001,1.93019504213684,1542
5.90058666666667,1.72352858898757,1543
5.00157666666667,1.83088243481837,1544
5.14327,1.60550179719398,1545
5.08284666666667,1.5043627040489,1546
4.32035666666667,2.11764383148418,1547
4.38090333333333,1.95412037473489,1548
4.89304,2.46591147121345,1549
5.32054,2.6509918947313,1550
3.66503333333333,2.75338249711192,1551
5.61950333333333,1.64369826652212,1552
4.90379666666667,2.22453386926469,1553
5.67334,1.37594630122766,1554
5.89715333333333,1.40295551475013,1555
5.64794,2.28619047138428,1556
5.07726666666667,1.19674764958266,1557
5.48583666666667,1.06214545256396,1558
4.78893,1.03723483263651,1559
5.34880333333333,1.47402170677961,1560
5.73477333333333,1.8481686801531,1561
5.28305666666667,1.81629157553731,1562
5.82433,1.26990995747866,1563
5.76076666666667,1.61214769887517,1564
5.82407,1.47261603515648,1565
5.25158666666667,1.24066245534068,1566
6.46286,1.42876645604908,1567
6.19975333333333,1.24183758828526,1568
5.33856,1.83343437440269,1569
5.31689,1.23635611719166,1570
5.42245,1.22975144215519,1571
6.28450666666667,1.2923744762454,1572
5.98072,1.2444545841452,1573
6.03964,1.28078813440841,1574
5.58081333333333,1.94822539051052,1575
5.27950333333333,1.40450379616318,1576
5.72352666666667,1.09322214574807,1577
5.87280333333333,1.18756568848686,1578
6.18593,1.40061170802445,1579
6.04904,1.23976968066792,1580
6.02427333333333,1.43351426557575,1581
5.65138,1.19720288269985,1582
5.26880333333333,1.52532680827994,1583
5.66709333333333,1.67825788058544,1584
5.87428333333333,1.19662046501756,1585
5.44310666666667,1.39469284245013,1586
5.30057333333333,1.26243923662128,1587
5.17160666666667,1.78269682163992,1588
5.85054333333333,1.13310486494147,1589
6.02250666666667,1.16313027939719,1590
6.17986,1.28687484282795,1591
5.76272333333333,1.34892829688106,1592
6.23636,1.31130662912463,1593
5.93017666666667,1.09069726565113,1594
6.26551,1.19289013869677,1595
5.93792333333333,0.959562345168029,1596
5.67018666666667,1.1026901233311,1597
5.85122333333333,1.11903762707788,1598
6.18134666666667,1.07136753497038,1599
5.53128666666667,1.23919017847818,1600
5.54503,1.07874691197864,1601
5.61174333333333,1.1839058328942,1602
5.69939333333333,1.00390279922852,1603
5.88811666666667,1.06985855819367,1604
5.62200666666667,1.5414179387898,1605
5.32221666666667,1.29060696361837,1606
5.39009,1.19245663070128,1607
5.57938666666667,1.05051979506152,1608
5.58834333333333,1.16996017075836,1609
5.29591333333333,1.28944635291953,1610
5.36547,1.28561681966284,1611
5.23102,1.78911925729605,1612
5.69062333333333,1.18558623377325,1613
5.95207333333333,1.25031931864413,1614
5.90324333333333,1.25918120951764,1615
5.96989666666667,1.4774275568875,1616
3.49485666666667,2.8421579380128,1617
5.96431666666667,1.59035574161414,1618
4.03541333333333,2.5555795350206,1619
4.38220333333333,2.0752459188688,1620
4.83288666666667,1.80235166833995,1621
3.97494666666667,2.39497466299078,1622
5.49479333333333,1.08442475675239,1623
5.26517333333333,0.879009152568305,1624
5.3423,1.2841376258287,1625
5.17695666666667,1.07345697300127,1626
5.33806666666667,1.10171290563231,1627
5.31517666666667,1.8107602982484,1628
6.09367666666667,1.37925297014133,1629
5.0061,2.17484908473653,1630
4.88985333333333,2.05369772710077,1631
5.46676333333333,1.28868348230848,1632
6.34672666666667,1.49801306056029,1633
5.66732,1.30376162682685,1634
3.57194,3.11774663804397,1635
4.42585666666667,2.64321043204234,1636
6.02983666666667,1.13580535136765,1637
4.77978,2.19228859624854,1638
5.52236,1.60878459041129,1639
3.67556,2.78703526605009,1640
5.40589333333333,1.84641029230781,1641
5.35154,1.72716527663903,1642
5.87504666666667,1.25845326211168,1643
5.77805666666667,1.28636008169626,1644
5.98142333333333,1.46249457946142,1645
5.94709666666667,1.35090917239371,1646
6.03256666666667,1.31344227662391,1647
5.61182666666667,1.57996505088657,1648
6.09026333333333,1.54863199374721,1649
5.90248,1.39662635177873,1650
6.07759333333333,1.16949101659015,1651
5.70285666666667,1.16122177325357,1652
4.38901,2.85039700009883,1653
5.41074,1.07869678766748,1654
3.57318333333333,3.08854244186961,1655
5.71698333333333,1.28653413053171,1656
5.71052666666667,1.19884577304182,1657
4.99987333333333,2.32664205461408,1658
5.67484333333333,1.16042693947123,1659
5.17903,2.14946057710237,1660
5.15241666666667,2.08176675033878,1661
5.49421333333333,1.52919568891248,1662
6.16399333333333,1.55253694385125,1663
4.15435666666667,2.70329308943145,1664
5.66112,1.63953880277141,1665
6.06600666666667,1.09905837312685,1666
5.52361666666667,1.98334474790012,1667
5.26985666666667,1.40940892323167,1668
5.56108333333333,1.06232547194037,1669
5.25097,1.12023008417144,1670
5.57055666666667,1.26536195876048,1671
5.49050666666667,1.11167270237035,1672
5.46941333333333,1.12671198006544,1673
5.45314333333333,1.0582351188078,1674
5.06634,1.47892527138623,1675
5.64342333333333,1.74230451427736,1676
5.71881333333333,1.6661567932869,1677
5.42588666666667,1.36135922055947,1678
6.00089,1.49357028080022,1679
5.81029333333333,1.75528384931844,1680
4.75417,2.6400772467996,1681
5.86017,1.44395789678566,1682
4.77543666666667,2.84671802165513,1683
3.68020666666667,2.76774855170611,1684
5.55553,1.06107971950176,1685
4.93175,1.67292233299737,1686
4.17736,2.19699123734382,1687
6.46555666666667,1.27233636402874,1688
3.70332,2.83089989279637,1689
5.46316,1.95317450296549,1690
5.98337,1.52836577048143,1691
5.07173,1.60000112309228,1692
5.66580333333333,2.00473537293722,1693
4.25908666666667,2.80957463791639,1694
3.56413333333333,2.37173402872002,1695
6.14503333333333,1.35035255941278,1696
5.04581,2.11523559564153,1697
5.02084333333333,2.48316338925022,1698
1.91781,2.86606433553293,1699
4.36553333333333,2.3533088727523,1700
5.28468,2.11219812050761,1701
5.37928333333333,1.07865875434881,1702
5.73355333333333,1.5462673814669,1703
6.01722,1.5005112520462,1704
5.75865333333333,1.47583476547631,1705
5.34902666666667,2.68556786648025,1706
6.50354333333333,1.62013385710997,1707
4.31653333333333,2.45864952240513,1708
6.21115666666667,1.45822771096389,1709
5.81793666666667,1.51189943163155,1710
5.32733,1.96874874373687,1711
6.10144,1.54099091979692,1712
4.95681,1.54990638101033,1713
4.32938333333333,2.17975369647556,1714
4.33591666666667,3.0791900073618,1715
4.72032666666667,2.63633424937673,1716
5.22533333333333,2.26422810206059,1717
5.39496333333333,1.60350831906132,1718
4.92956666666667,2.36200306582962,1719
5.65568,1.43999992442529,1720
4.22838333333333,2.84580825850854,1721
3.97009,2.92484084793662,1722
4.90053333333333,1.88853970922862,1723
4.89755666666667,1.86557745477951,1724
5.0583,1.72009383585255,1725
5.09004666666667,1.87774994052095,1726
5.41050333333333,1.47871738608821,1727
3.65546,3.27971605221739,1728
4.73036333333333,3.30384814645227,1729
5.01901,2.87522604153074,1730
5.45402,2.96836310417154,1731
4.07341,3.28757413964912,1732
5.10301666666667,2.89737374888831,1733
4.28584,3.07015024293713,1734
5.83264666666667,1.42717466846173,1735
3.71842666666667,3.00872411908796,1736
4.96298666666667,2.08116451216924,1737
4.60744333333333,2.31667225245585,1738
6.19219333333333,1.94946211713922,1739
2.59151,3.11267578817813,1740
6.07456333333333,1.81366591256557,1741
6.26254333333333,1.65177420488381,1742
6.43205,1.6733752572426,1743
4.37807333333333,2.67795168416322,1744
5.15899666666667,2.00180519212782,1745
4.08982333333333,3.10666879966566,1746
5.94024333333333,1.64991627638858,1747
5.49767,1.59197018386349,1748
4.41823,2.69036109371701,1749
5.70131666666667,1.7878681200078,1750
5.09725,2.10909282815115,1751
3.81142333333333,2.7750709045534,1752
4.06019666666667,2.67188619408208,1753
5.23226,2.06542022635789,1754
5.81,1.35074575595905,1755
5.09284666666667,1.79029557388858,1756
5.40021666666667,2.02192296999891,1757
5.23398666666667,1.55819712548992,1758
5.97346333333333,1.37058911785717,1759
5.70988666666667,1.11658220993361,1760
5.51900333333333,1.2857310048704,1761
5.62397666666667,1.56452637753044,1762
5.47390666666667,1.41476038934668,1763
5.64490333333333,1.84524857076751,1764
6.22049333333333,1.691797691079,1765
5.94636666666667,1.1893754696546,1766
6.16462333333333,1.60094257466276,1767
5.83224666666667,1.37726004048852,1768
5.39612666666667,1.44249774204887,1769
6.0186,1.83925744874355,1770
5.60822,1.31924462592594,1771
5.65950333333333,1.93443093146517,1772
5.73610333333333,1.22528369255038,1773
5.09446666666667,1.52098794670536,1774
5.30731333333333,1.6511233728071,1775
5.48010333333333,1.56965602326364,1776
5.99292666666667,1.2919885755162,1777
5.59170666666667,1.38399948872159,1778
5.51882,1.26431208129028,1779
6.04641666666667,1.29573148774479,1780
5.43004333333333,1.52978292998878,1781
5.62291666666667,1.36166607914421,1782
5.87853,1.41239307587976,1783
5.55194,1.31346323907972,1784
5.83123666666667,1.08241596328524,1785
6.12241333333333,1.53331942231571,1786
5.61454,1.45662921857753,1787
5.77764666666667,1.32641839598047,1788
5.57034666666667,1.54868257065277,1789
6.18240666666667,1.80083422793597,1790
6.44240666666667,1.54868004530072,1791
6.03664,1.73805831885013,1792
6.04744666666667,1.77471101090569,1793
5.63019333333333,1.32092704017719,1794
5.75414333333333,1.23067390276792,1795
5.21811,1.45322918888033,1796
5.86818,1.37685521974459,1797
5.7609,1.58351127539729,1798
5.95163666666667,1.36714638685547,1799
6.08453666666667,1.42550110813666,1800
4.92201666666667,2.27783202494182,1801
4.94252,2.43633167500254,1802
4.24771333333333,2.14393924237337,1803
6.07715333333333,1.5653828608987,1804
5.91057333333333,1.47477377363523,1805
6.17927333333333,2.11063413986598,1806
6.14795333333333,1.49245361569079,1807
6.22720333333333,1.57198525997374,1808
5.67763,1.3739445572185,1809
6.51483,1.35447718458146,1810
5.37603666666667,1.92671125827072,1811
5.85841666666667,1.33751143342411,1812
5.76311,1.29441239027732,1813
5.69414666666667,1.21896392233487,1814
6.25069666666667,1.58971782325503,1815
6.28731,1.99977905871865,1816
5.40013,1.19733221447833,1817
6.53481333333333,1.62536737868033,1818
5.81742666666667,1.42515941804788,1819
6.22426,1.52170098440233,1820
5.95527333333333,1.07767318727651,1821
5.21033666666667,1.77424581675268,1822
6.33318666666667,1.14152467030702,1823
4.68963,2.31428630588799,1824
5.73905333333333,1.43286017960541,1825
5.6577,1.02125634020739,1826
5.72865,1.06990272253586,1827
5.87292666666667,1.19856082490148,1828
6.18529,1.26894226774194,1829
4.89849,2.92864698892827,1830
4.49681,2.91163289704213,1831
5.06385333333333,2.30831970933529,1832
6.03076333333333,1.28162367183015,1833
5.13801666666667,2.29906219832818,1834
6.29123333333333,1.27377205840826,1835
6.44035333333333,1.50800769565706,1836
6.35830666666667,1.17276901889424,1837
5.80251333333333,1.43210479358743,1838
6.20388333333333,1.31022357162573,1839
6.35562666666667,1.41275507844713,1840
