"Year","Month","tasmin","tasmax","pr","PotEvap","gcm"
2018,11,272.6364808,282.9507092,75.80466467,20.61730456,"inmcm4"
2018,12,266.9639043,273.5805375,124.6992489,4.418063118,"inmcm4"
2019,1,270.9854468,276.752023,214.5616234,9.075543604,"inmcm4"
2019,2,270.0113804,279.3448108,12.28118439,16.57720125,"inmcm4"
2019,3,272.8098815,281.9570142,58.58449007,46.08675208,"inmcm4"
2019,4,273.3317305,286.8281014,28.0281659,85.70864321,"inmcm4"
2019,5,279.3936479,292.2066999,33.13855636,135.2424494,"inmcm4"
2019,6,281.8461992,292.8292503,107.1675574,139.8923491,"inmcm4"
2019,7,283.720577,300.6911801,1.890870356,196.0001017,"inmcm4"
2019,8,282.5246331,300.1308424,9.60638792,168.464734,"inmcm4"
2019,9,280.200747,299.3766372,15.65099767,125.2269194,"inmcm4"
2019,10,276.6199633,287.3107599,56.24507741,52.32796292,"inmcm4"
2019,11,269.5059571,277.6733649,133.0800297,11.16316104,"inmcm4"
2019,12,269.510893,275.2055776,128.225771,6.821401163,"inmcm4"
2020,1,269.6873404,275.3154708,127.6408026,7.994936786,"inmcm4"
2020,2,267.3467872,278.6115049,11.29311026,13.9105995,"inmcm4"
2020,3,272.5575403,282.907889,68.51626345,46.78055471,"inmcm4"
2020,4,272.1279517,284.6194645,35.18244586,71.23874267,"inmcm4"
2020,5,277.6901962,291.9217729,17.84165343,128.0346238,"inmcm4"
2020,6,281.6291589,296.6992229,30.04893006,170.4795,"inmcm4"
2020,7,282.7411315,303.3895169,1.466433021,227.5880788,"inmcm4"
2020,8,282.8202305,300.0704866,7.141081386,176.3353697,"inmcm4"
2020,9,279.8839267,296.1662127,4.675187011,116.4597745,"inmcm4"
2020,10,274.8853375,289.8469124,29.52086634,63.52561306,"inmcm4"
2020,11,272.9977434,282.3905977,62.88527737,17.87072513,"inmcm4"
2020,12,271.4526899,277.5928503,101.4156729,8.563895598,"inmcm4"
2021,1,267.6207762,273.8946179,126.5010487,5.148419999,"inmcm4"
2021,2,271.981468,280.6877357,68.01761439,19.19549737,"inmcm4"
2021,3,272.9639251,283.9811646,78.92080805,47.46076664,"inmcm4"
2021,4,274.6657092,286.2065392,63.51415231,79.15270739,"inmcm4"
2021,5,277.6793642,289.9100697,43.16533796,122.440526,"inmcm4"
2021,6,280.0159666,295.9028057,10.0063103,167.5803593,"inmcm4"
2021,7,284.393796,301.8952448,10.68632187,200.133567,"inmcm4"
2021,8,282.0756084,302.1485725,1.538805019,189.5625729,"inmcm4"
2021,9,280.4434422,299.6911881,14.15886974,134.9057552,"inmcm4"
2021,10,273.9336359,292.5223097,9.465000599,68.86546048,"inmcm4"
2021,11,272.26101,281.2778278,105.8768526,17.83135018,"inmcm4"
2021,12,267.7857083,273.8713137,119.3568464,4.436597091,"inmcm4"
2022,1,270.3568706,276.2344977,113.148203,8.958510923,"inmcm4"
2022,2,267.8952124,275.7143929,83.2395002,10.69378489,"inmcm4"
2022,3,273.6370759,284.3370791,57.96893151,50.88842975,"inmcm4"
2022,4,273.4580436,283.5636338,76.14910467,66.67959576,"inmcm4"
2022,5,276.8751581,289.5580206,20.17673548,122.2776252,"inmcm4"
2022,6,281.3790944,294.0526874,51.24922968,149.4521172,"inmcm4"
2022,7,284.2846725,300.7659749,6.39920074,192.6022737,"inmcm4"
2022,8,284.399321,300.6882966,5.161062216,170.5573852,"inmcm4"
2022,9,279.6527686,297.081982,14.4413769,120.5222452,"inmcm4"
2022,10,274.1083205,285.2652159,48.49167785,47.20933359,"inmcm4"
2022,11,268.8066854,275.1685392,83.12148657,7.991632086,"inmcm4"
2022,12,270.3738759,276.4365387,80.84661582,6.576778785,"inmcm4"
2023,1,271.6843728,278.2711774,114.4565265,11.07317526,"inmcm4"
2023,2,271.0591518,279.0831082,43.21138082,17.22676151,"inmcm4"
2023,3,274.890049,284.6510849,99.66178095,51.16504523,"inmcm4"
2023,4,274.6854284,287.3678246,37.13731141,90.37247059,"inmcm4"
2023,5,279.3949805,292.2322353,32.15632586,134.7982149,"inmcm4"
2023,6,280.7038829,295.1125222,19.79452308,158.6150666,"inmcm4"
2023,7,283.461463,300.9082645,3.992834167,212.2545924,"inmcm4"
2023,8,282.3779323,302.4413906,1.255838887,188.4394379,"inmcm4"
2023,9,281.2070452,292.8000957,42.23870381,96.30488407,"inmcm4"
2023,10,275.9035166,285.3315558,53.49892462,52.12817451,"inmcm4"
2023,11,272.5219485,280.4375056,92.77549698,15.87923434,"inmcm4"
2023,12,269.0682789,275.1225175,134.4704942,6.507451445,"inmcm4"
2024,1,270.1813604,278.1878945,15.59641306,10.35253495,"inmcm4"
2024,2,271.3656351,280.0525586,92.04476302,19.1731186,"inmcm4"
2024,3,272.777817,283.4408839,47.54331371,46.2182711,"inmcm4"
2024,4,275.2456247,288.8226972,32.94307556,87.91269143,"inmcm4"
2024,5,277.9999235,291.7696192,16.05267256,135.2628051,"inmcm4"
2024,6,280.0475823,301.0142717,7.954218963,205.2669219,"inmcm4"
2024,7,282.0041498,305.3114886,0.982014354,245.0384095,"inmcm4"
2024,8,285.8451745,303.3391387,10.82690744,186.3545724,"inmcm4"
2024,9,278.9267764,299.5751306,1.159950662,131.101525,"inmcm4"
2024,10,275.6899396,286.1845872,88.87516104,50.32142297,"inmcm4"
2024,11,268.7119346,278.0811006,39.5636733,11.44060646,"inmcm4"
2024,12,270.7042925,276.3063321,145.4019261,7.445242935,"inmcm4"
2025,1,269.6053615,277.3658678,152.440969,8.645827999,"inmcm4"
2025,2,270.5388508,279.4998831,32.98338794,18.66444238,"inmcm4"
2025,3,272.7112774,283.6366091,47.8320757,48.7115312,"inmcm4"
2025,4,274.8138179,285.7385554,82.90280843,74.03809265,"inmcm4"
2025,5,277.5958628,291.3017009,26.3604658,131.812721,"inmcm4"
2025,6,280.4736461,293.8710213,8.759907763,156.4557414,"inmcm4"
2025,7,285.2413071,298.0901561,38.66348068,179.0115394,"inmcm4"
2025,8,283.4061346,298.5748009,9.098905017,158.7428061,"inmcm4"
2025,9,280.8517597,299.2811206,15.56704914,129.5990551,"inmcm4"
2025,10,274.9565257,287.9284231,23.55746149,56.92682328,"inmcm4"
2025,11,272.8402467,280.1742606,129.768452,17.3160672,"inmcm4"
2025,12,268.1373423,274.7098106,158.486422,5.862534348,"inmcm4"
2026,1,269.0614353,276.2026337,137.3070515,7.940589448,"inmcm4"
2026,2,271.1101964,277.5645784,131.224526,18.07927203,"inmcm4"
2026,3,271.4207156,282.0412099,82.09213032,43.76895964,"inmcm4"
2026,4,273.5796073,288.9825344,18.86242656,90.02396361,"inmcm4"
2026,5,277.5425228,289.5197677,38.94176627,113.6428356,"inmcm4"
2026,6,283.21331,296.4686654,50.05881744,167.788807,"inmcm4"
2026,7,283.5992814,299.6815482,13.46124503,187.2710232,"inmcm4"
2026,8,284.8924843,300.6445531,14.20577454,168.8069764,"inmcm4"
2026,9,279.0978024,298.2176209,1.809723042,123.482773,"inmcm4"
2026,10,276.1799475,289.2096248,16.89391539,57.81164064,"inmcm4"
2026,11,269.5941634,278.0981346,50.12716606,10.11064926,"inmcm4"
2026,12,271.6476796,278.5405403,85.27780767,9.49279811,"inmcm4"
2027,1,272.4167707,279.3425504,94.40337282,10.43167534,"inmcm4"
2027,2,273.5954565,281.3281786,111.4893559,22.0149393,"inmcm4"
2027,3,273.9927133,283.5459008,85.7220928,48.44859427,"inmcm4"
2027,4,276.7383883,286.112729,88.19344675,77.13401625,"inmcm4"
2027,5,280.5412321,294.1951102,35.92806621,146.6898038,"inmcm4"
2027,6,281.8137295,294.711322,30.61047865,160.1645195,"inmcm4"
2027,7,284.0283089,304.6984638,2.308606698,227.7087007,"inmcm4"
2027,8,282.2987815,302.8949966,2.387423423,190.4757582,"inmcm4"
2027,9,282.0709946,293.1375101,42.59499585,101.5942444,"inmcm4"
2027,10,272.5535403,285.4775836,10.30338897,47.2337527,"inmcm4"
2027,11,271.5970796,280.9785291,83.13337437,17.71303896,"inmcm4"
2027,12,268.5510919,274.976352,55.04082211,5.31832234,"inmcm4"
2028,1,270.1987361,276.0519857,117.8601157,7.191805995,"inmcm4"
2028,2,271.4542699,278.2794873,122.4748352,17.26674971,"inmcm4"
2028,3,272.424247,283.1582027,68.14004808,45.50817123,"inmcm4"
2028,4,276.3345102,287.952738,43.1018263,84.65694706,"inmcm4"
2028,5,279.6645233,291.361254,34.23787386,132.8084195,"inmcm4"
2028,6,282.2173614,296.1560934,16.80098929,165.5157321,"inmcm4"
2028,7,285.7252565,303.951763,3.920480122,207.3425702,"inmcm4"
2028,8,283.7157285,300.0083244,26.84370802,172.5525662,"inmcm4"
2028,9,280.7943602,292.6629564,32.30937417,90.54783825,"inmcm4"
2028,10,275.8931066,286.2668643,69.27405,51.63505133,"inmcm4"
2028,11,273.6388792,281.9293186,64.26998581,19.91888539,"inmcm4"
2028,12,270.0542893,276.6856619,16.16758427,6.635781694,"inmcm4"
2029,1,269.1925727,276.7253713,64.04746059,7.737756602,"inmcm4"
2029,2,270.1996056,279.1224893,61.28436373,18.60883188,"inmcm4"
2029,3,273.1948133,284.7353119,31.97257938,53.05691141,"inmcm4"
2029,4,275.0258782,287.5741091,51.88383426,81.92698903,"inmcm4"
2029,5,278.7146079,290.7444841,33.11034964,123.8882306,"inmcm4"
2029,6,283.1108214,296.4570957,23.19294358,163.0472829,"inmcm4"
2029,7,287.6936455,302.2916687,32.76071027,194.6291633,"inmcm4"
2029,8,284.9449119,299.7230856,18.64863786,173.2657148,"inmcm4"
2029,9,282.6077662,297.545557,7.037869067,119.0847693,"inmcm4"
2029,10,274.4406879,285.3436281,94.66798976,49.29791097,"inmcm4"
2029,11,273.1611822,281.0453001,98.76055699,16.81137777,"inmcm4"
2029,12,270.2629729,276.4624734,138.4171604,8.447838035,"inmcm4"
2030,1,268.6523712,274.5351631,67.5400034,6.773826385,"inmcm4"
2030,2,269.1030147,277.5239574,25.38537993,14.18112704,"inmcm4"
2030,3,272.3373428,283.1168444,82.56734728,46.15495147,"inmcm4"
2030,4,276.5435963,290.5326853,42.1386059,96.13074671,"inmcm4"
2030,5,280.3183274,292.0028627,48.1420425,137.5757261,"inmcm4"
2030,6,281.0368451,297.2104599,6.717780053,170.4295415,"inmcm4"
2030,7,285.244133,304.4514548,6.525157901,237.6722931,"inmcm4"
2030,8,284.4229112,302.6011941,8.865741256,183.4654451,"inmcm4"
2030,9,279.9862756,295.429295,12.52404035,112.8878915,"inmcm4"
2030,10,277.3011481,287.2541529,49.1562742,55.33116883,"inmcm4"
2030,11,272.4296807,279.7654883,64.45436783,14.75366404,"inmcm4"
2030,12,267.9136063,275.3134872,92.09786275,5.947817796,"inmcm4"
2031,1,266.3366775,276.2440831,67.86951304,6.394852552,"inmcm4"
2031,2,266.3491354,277.8480009,60.96110726,12.54647318,"inmcm4"
2031,3,271.7994829,281.9968084,49.6406936,41.83016236,"inmcm4"
2031,4,273.8938805,286.3138274,40.20913115,75.82457329,"inmcm4"
2031,5,278.4272472,288.9333042,67.02943825,114.2152714,"inmcm4"
2031,6,283.4778174,297.0135367,19.82764709,160.5653803,"inmcm4"
2031,7,285.1228083,300.293257,10.56384509,192.9633884,"inmcm4"
2031,8,283.885526,301.2731799,11.40625616,175.5467431,"inmcm4"
2031,9,278.9749865,297.7518125,1.112905137,125.7800501,"inmcm4"
2031,10,276.82548,289.1962275,99.00239092,56.23005026,"inmcm4"
2031,11,274.3460001,281.4452411,156.3162505,20.15881931,"inmcm4"
2031,12,269.417123,275.6747933,80.66039113,6.156861475,"inmcm4"
2032,1,271.7829448,279.2740117,73.58842397,11.67286396,"inmcm4"
2032,2,272.662361,280.644708,67.26417433,20.86719803,"inmcm4"
2032,3,274.2878215,284.801135,87.24739827,50.65547358,"inmcm4"
2032,4,275.7880146,286.6228053,46.96647166,84.20904189,"inmcm4"
2032,5,278.5373496,288.4900116,51.91695336,112.5875156,"inmcm4"
2032,6,280.6961648,293.8685762,14.61428652,153.3694198,"inmcm4"
2032,7,284.0673972,301.0778054,6.571103178,198.8281864,"inmcm4"
2032,8,284.4146536,300.3698319,3.702318622,173.5749825,"inmcm4"
2032,9,280.2956258,294.7089381,9.368490759,110.8718707,"inmcm4"
2032,10,277.2232259,286.957746,41.885849,55.06586044,"inmcm4"
2032,11,273.8580516,280.6502158,119.1082595,20.15047623,"inmcm4"
2032,12,270.2539273,276.4222984,122.2704012,7.535332413,"inmcm4"
2033,1,270.3937075,275.7126376,136.8476357,8.170809808,"inmcm4"
2033,2,270.9811117,280.6641621,166.3742594,20.45905756,"inmcm4"
2033,3,273.6053285,283.3891688,70.40527569,45.59118058,"inmcm4"
2033,4,273.7686537,285.5590885,33.73106207,74.96809462,"inmcm4"
2033,5,278.9508663,290.6712655,46.39377907,129.9658392,"inmcm4"
2033,6,285.1373579,298.3625077,81.03582593,171.8685386,"inmcm4"
2033,7,286.0334603,301.8940762,9.0107549,200.7410327,"inmcm4"
2033,8,283.3827847,303.0822266,1.671078893,189.9812331,"inmcm4"
2033,9,282.930345,292.2220023,36.36176068,93.30546394,"inmcm4"
2033,10,275.7963196,289.2655627,26.21542898,53.57913499,"inmcm4"
2033,11,272.5105933,279.178852,161.6481876,16.36413512,"inmcm4"
2033,12,270.3044997,275.621861,137.5868538,7.078246117,"inmcm4"
2034,1,269.2564588,275.8259494,71.92521713,7.569275575,"inmcm4"
2034,2,269.64352,277.7933484,130.7537268,14.53121598,"inmcm4"
2034,3,272.2821153,282.5306165,41.73086591,43.94903139,"inmcm4"
2034,4,274.945565,286.1609042,67.39195652,77.04517645,"inmcm4"
2034,5,279.5604297,291.1896527,37.97953049,128.4526556,"inmcm4"
2034,6,281.2289771,291.8851624,21.7071557,138.8886035,"inmcm4"
2034,7,285.8166255,297.4340256,11.62164589,170.3462655,"inmcm4"
2034,8,285.0937953,298.0383529,22.92354297,152.9068058,"inmcm4"
2034,9,281.511087,298.2457559,2.694117928,122.2814199,"inmcm4"
2034,10,278.0629978,290.2401547,83.90647528,65.52895205,"inmcm4"
2034,11,273.2779891,280.8953248,129.9068849,17.70499125,"inmcm4"
2034,12,269.9828779,275.9218043,208.173438,6.740009109,"inmcm4"
2035,1,270.9042672,276.3516645,100.5304588,8.948669148,"inmcm4"
2035,2,271.2921398,278.0857822,163.811471,18.0447585,"inmcm4"
2035,3,271.2698909,282.516227,11.62710372,41.35760014,"inmcm4"
2035,4,273.3867654,287.9702596,9.869402155,85.59667813,"inmcm4"
2035,5,276.191314,294.5879604,31.93037823,151.8279066,"inmcm4"
2035,6,281.1695417,297.8826668,45.65468087,171.3300939,"inmcm4"
2035,7,284.976445,308.3086325,0.995935679,263.5283589,"inmcm4"
2035,8,284.2405616,304.6673967,6.693413813,207.309921,"inmcm4"
2035,9,281.7514874,295.6824772,40.36655367,111.406752,"inmcm4"
2035,10,275.4591803,291.9629542,18.96234428,67.53970838,"inmcm4"
2035,11,269.6300158,279.1218236,26.01099857,14.92932715,"inmcm4"
2035,12,264.6356441,270.7962876,92.1470882,1.645895021,"inmcm4"
2036,1,267.9461623,274.7794366,152.4408783,4.963429592,"inmcm4"
2036,2,270.360577,277.9817529,111.9763681,16.09618187,"inmcm4"
2036,3,273.2365175,282.1893242,117.9966449,45.88739634,"inmcm4"
2036,4,274.4403656,284.6209096,64.74150313,71.53349861,"inmcm4"
2036,5,276.9838746,289.0205568,16.73686384,119.7214124,"inmcm4"
2036,6,280.4796674,295.5588293,27.22487146,161.3948304,"inmcm4"
2036,7,285.7031514,303.8723244,9.182381872,214.4747826,"inmcm4"
2036,8,284.5732746,301.5980004,35.73631893,178.7571342,"inmcm4"
2036,9,282.6638076,290.5813027,27.90513899,91.80750101,"inmcm4"
2036,10,276.0380479,289.2690754,18.57792598,59.49340519,"inmcm4"
2036,11,271.9289075,278.9545013,112.9032032,13.08996986,"inmcm4"
2036,12,269.3278792,275.2166322,98.62544065,6.06866871,"inmcm4"
2037,1,270.5734928,277.02882,131.5916605,8.297711796,"inmcm4"
2037,2,271.681929,280.9020184,45.45513119,22.5639264,"inmcm4"
2037,3,273.1537524,282.9597648,50.93442462,49.16528905,"inmcm4"
2037,4,274.1515952,285.3182583,48.12498421,75.05078394,"inmcm4"
2037,5,280.5242258,294.6066916,21.0636119,142.4106712,"inmcm4"
2037,6,281.5382959,293.7520161,29.54267768,144.5744447,"inmcm4"
2037,7,284.78949,300.3699055,31.0905842,189.7447583,"inmcm4"
2037,8,283.3653865,298.3385584,4.872740011,159.789142,"inmcm4"
2037,9,280.7350422,294.9569322,22.77956041,108.6626631,"inmcm4"
2037,10,277.5182992,287.7235325,87.33699942,51.97023849,"inmcm4"
2037,11,272.4685762,279.4550712,128.783413,13.82753342,"inmcm4"
2037,12,271.280613,277.5263888,225.2598021,8.284503112,"inmcm4"
2038,1,270.0510884,276.0047074,103.8592508,6.982815166,"inmcm4"
2038,2,269.4768534,277.4834953,58.93899228,14.73659872,"inmcm4"
2038,3,272.2768116,282.4127229,85.41977305,46.46249036,"inmcm4"
2038,4,273.1686796,284.8879391,79.72560911,72.99082311,"inmcm4"
2038,5,279.9039664,291.7386741,47.86409628,134.2171017,"inmcm4"
2038,6,280.9890692,295.8892732,22.62442403,165.3747966,"inmcm4"
2038,7,287.3323372,302.4807471,28.4165306,202.3623691,"inmcm4"
2038,8,284.8704709,305.093226,1.171446458,199.5450523,"inmcm4"
2038,9,281.8411795,297.8305352,12.21213973,127.0532171,"inmcm4"
2038,10,277.3648441,291.0701242,41.62068691,61.94579347,"inmcm4"
2038,11,271.9993346,280.8572376,70.56515344,17.3739452,"inmcm4"
2038,12,269.7805178,276.1382836,150.8643527,6.58391501,"inmcm4"
2039,1,270.1017585,277.19831,50.23254074,8.016036139,"inmcm4"
2039,2,271.4776694,279.9710756,93.90612262,20.09819264,"inmcm4"
2039,3,272.4361797,284.3788752,24.46962844,49.92899613,"inmcm4"
2039,4,274.4041077,284.1396132,104.8425007,70.63572454,"inmcm4"
2039,5,276.4925751,289.6911822,28.80998423,124.3013164,"inmcm4"
2039,6,280.907798,295.0981602,29.60143212,156.7259891,"inmcm4"
2039,7,285.390975,300.5883095,30.20477394,198.7758796,"inmcm4"
2039,8,282.8972374,302.4111787,2.224176753,189.737986,"inmcm4"
2039,9,278.7812466,300.1141692,1.968336407,138.0376864,"inmcm4"
2039,10,273.638092,290.0013793,42.62772318,70.13772766,"inmcm4"
2039,11,272.5520615,279.8738177,146.0985609,15.97734959,"inmcm4"
2039,12,268.1653577,275.0041094,92.10037593,5.749279683,"inmcm4"
2040,1,269.8296608,275.4081618,193.1003956,7.901566049,"inmcm4"
2040,2,268.8035113,276.6104682,56.584577,12.08803949,"inmcm4"
2040,3,272.1337177,282.958291,83.25791872,48.02485399,"inmcm4"
2040,4,274.4863676,289.2052743,27.37932921,91.72213038,"inmcm4"
2040,5,279.3421342,292.2137249,40.22213569,131.534555,"inmcm4"
2040,6,283.5603706,297.1318307,40.17827893,170.8759271,"inmcm4"
2040,7,285.4588791,300.1169341,18.33943129,186.1350006,"inmcm4"
2040,8,286.0363344,299.0334889,16.08020241,167.2019946,"inmcm4"
2040,9,281.9942377,298.7416603,13.70734173,115.6381471,"inmcm4"
2040,10,275.5160221,287.6244242,36.75466232,56.20095716,"inmcm4"
2040,11,267.8511374,274.9847867,152.2512744,7.470180353,"inmcm4"
2040,12,267.2194632,273.8132465,121.0017326,4.386584461,"inmcm4"
2041,1,263.3076508,272.056612,80.573324,2.185452822,"inmcm4"
2041,2,271.7980946,280.0364185,59.24155978,17.77060506,"inmcm4"
2041,3,273.0005194,283.7748464,40.22424303,49.79428963,"inmcm4"
2041,4,275.0518279,285.6289633,59.96751004,78.14849998,"inmcm4"
2041,5,279.9730597,291.0440282,77.26407399,122.959533,"inmcm4"
2041,6,280.9757215,295.7289275,7.931540989,166.1856654,"inmcm4"
2041,7,287.1358522,304.8530016,5.681566382,221.473104,"inmcm4"
2041,8,283.8722696,301.1272658,12.72546883,177.8019273,"inmcm4"
2041,9,280.201076,299.1170625,7.658642415,135.1149093,"inmcm4"
2041,10,273.8384882,289.5928149,45.78869989,68.1818259,"inmcm4"
2041,11,271.4524331,279.4364687,67.17575218,13.69865461,"inmcm4"
2041,12,264.128776,271.5682544,20.36177366,1.968420996,"inmcm4"
2042,1,267.3216533,274.9476182,47.4950901,6.065300783,"inmcm4"
2042,2,270.7796472,278.8431475,43.10766989,16.36245754,"inmcm4"
2042,3,271.6039913,284.3572177,11.3452948,52.09590757,"inmcm4"
2042,4,274.6169024,288.414332,42.10251564,92.40352599,"inmcm4"
2042,5,281.12363,295.02985,85.2577176,146.4135203,"inmcm4"
2042,6,280.8848369,296.8342056,13.86615773,173.6216288,"inmcm4"
2042,7,282.2363376,300.4327954,5.35736494,201.946338,"inmcm4"
2042,8,284.8936878,302.5276943,7.51461813,187.4185776,"inmcm4"
2042,9,282.6576926,293.791874,32.44157436,97.83333303,"inmcm4"
2042,10,276.2025307,286.8220873,120.5538242,52.08652517,"inmcm4"
2042,11,274.5459829,281.2342515,116.1676785,19.96878759,"inmcm4"
2042,12,269.5132968,276.2280726,67.07614287,7.252770718,"inmcm4"
2043,1,269.6491925,276.64858,163.1141777,8.112574995,"inmcm4"
2043,2,270.1909339,278.4660472,42.51056452,16.13518803,"inmcm4"
2043,3,272.6888111,283.2106105,24.94850438,47.05511469,"inmcm4"
2043,4,274.0502059,288.8022338,9.708798159,92.05534856,"inmcm4"
2043,5,278.1509656,289.5333809,33.10717655,124.1774497,"inmcm4"
2043,6,282.7135976,295.2110196,48.0544617,151.8907916,"inmcm4"
2043,7,284.5526633,298.565004,3.603715181,179.7166688,"inmcm4"
2043,8,283.4476851,301.6761868,6.196547453,183.9660573,"inmcm4"
2043,9,282.3564452,295.6917027,16.44494416,106.5460487,"inmcm4"
2043,10,276.0522797,290.1170918,14.40273474,60.44301418,"inmcm4"
2043,11,272.2703762,278.8585627,217.097407,14.97358079,"inmcm4"
2043,12,269.8402965,275.4268861,158.3203862,6.540759265,"inmcm4"
2044,1,269.5421553,277.3361311,53.6497969,8.05825298,"inmcm4"
2044,2,270.0309177,280.5330987,44.36140503,19.07529689,"inmcm4"
2044,3,273.5965091,283.3585703,94.79869911,48.75167711,"inmcm4"
2044,4,272.1210557,285.723802,25.0446753,75.43690049,"inmcm4"
2044,5,277.6506404,296.7207998,26.87367986,160.5840439,"inmcm4"
2044,6,278.5950875,296.6391087,12.06017432,171.9438815,"inmcm4"
2044,7,282.6181175,306.4302542,1.390433837,247.9874145,"inmcm4"
2044,8,283.0842972,303.3909806,3.619384668,197.6763265,"inmcm4"
2044,9,281.6678918,292.13652,35.60009876,96.51374203,"inmcm4"
2044,10,274.0106965,288.3525436,17.98715524,59.40093679,"inmcm4"
2044,11,274.1041336,281.5749491,128.5377241,19.80952272,"inmcm4"
2044,12,270.6869158,276.8135297,163.3418517,7.784654733,"inmcm4"
2045,1,271.0610433,277.5844752,156.5222785,10.0000831,"inmcm4"
2045,2,268.1852973,277.2134499,34.02471311,11.07663133,"inmcm4"
2045,3,271.9690056,282.7226148,32.35306734,44.245355,"inmcm4"
2045,4,273.9641396,283.7415527,98.36552633,66.84047161,"inmcm4"
2045,5,277.2317315,289.6437374,27.04003183,122.1246407,"inmcm4"
2045,6,280.521822,292.317171,21.51209261,140.7038949,"inmcm4"
2045,7,283.0491898,299.0038291,18.84990995,186.7521744,"inmcm4"
2045,8,283.4405513,301.5325326,5.383313591,178.3611122,"inmcm4"
2045,9,281.0068288,300.4339708,0.683476991,129.0452932,"inmcm4"
2045,10,275.3871803,289.6637697,42.82955784,61.13664365,"inmcm4"
2045,11,273.0614298,279.0323185,127.5679156,15.16805256,"inmcm4"
2045,12,270.1339455,277.009189,102.720202,7.728940115,"inmcm4"
2046,1,269.1530196,276.0496009,143.8538263,8.770574855,"inmcm4"
2046,2,267.8640499,276.6533764,33.87204919,11.8733139,"inmcm4"
2046,3,272.7138802,284.3175958,76.37207239,48.75443198,"inmcm4"
2046,4,274.6297995,286.9803123,48.06153801,78.98825348,"inmcm4"
2046,5,280.0151563,291.399555,45.44259669,128.2892208,"inmcm4"
2046,6,281.3615029,296.5046555,3.784654611,166.9597139,"inmcm4"
2046,7,284.0036264,302.0484659,4.84589529,207.7619832,"inmcm4"
2046,8,280.5589643,303.0959023,0.590364295,196.1991728,"inmcm4"
2046,9,280.1248655,294.0687277,36.14109318,107.36581,"inmcm4"
2046,10,276.7707649,287.725636,63.71736522,51.30683797,"inmcm4"
2046,11,275.2942375,284.1028548,76.69141645,23.62022562,"inmcm4"
2046,12,269.713611,277.0891253,91.6723743,8.875726419,"inmcm4"
2047,1,268.7277863,275.3096387,75.79669235,6.651026602,"inmcm4"
2047,2,270.103513,279.8399309,15.78943182,18.7559327,"inmcm4"
2047,3,272.8240828,284.2727358,64.4479451,51.73919863,"inmcm4"
2047,4,275.155073,286.8367045,52.59058978,81.0245572,"inmcm4"
2047,5,277.5041084,287.5094396,43.61484998,110.0120036,"inmcm4"
2047,6,280.4520614,292.5639714,21.83715177,140.5165953,"inmcm4"
2047,7,284.5973018,300.2862864,9.897969685,194.3422876,"inmcm4"
2047,8,285.0875512,299.4458403,23.23923086,159.1061925,"inmcm4"
2047,9,281.6073997,292.7378679,30.75020609,102.6866043,"inmcm4"
2047,10,273.9037168,287.5673801,10.42438572,53.33561754,"inmcm4"
2047,11,273.2319968,280.1827649,159.4011634,17.3928114,"inmcm4"
2047,12,269.7854566,275.3250151,97.77218993,5.617224796,"inmcm4"
2048,1,271.1070964,277.5419036,162.5866806,10.06311464,"inmcm4"
2048,2,271.9233567,280.3326245,50.52923761,18.36948382,"inmcm4"
2048,3,273.4619239,283.8071224,105.1724357,48.8489692,"inmcm4"
2048,4,274.9033752,286.8698632,76.02711805,80.97093393,"inmcm4"
2048,5,283.3966989,296.0229838,60.27163887,153.2832227,"inmcm4"
2048,6,282.1840411,293.9849998,32.66564667,152.0060789,"inmcm4"
2048,7,285.9693809,298.3467707,26.03919863,178.9228185,"inmcm4"
2048,8,285.0174562,303.0388436,5.263020586,188.7341151,"inmcm4"
2048,9,281.7861062,293.1996182,19.52181576,100.5191616,"inmcm4"
2048,10,276.3591543,286.2459856,110.3745203,51.44344201,"inmcm4"
2048,11,273.0360182,280.6157015,71.85066667,16.47863582,"inmcm4"
2048,12,266.7509971,273.296157,52.63067717,3.820704752,"inmcm4"
2049,1,268.887346,274.8867202,62.25236081,6.527698957,"inmcm4"
2049,2,265.7372234,274.2760202,117.2385982,5.800345382,"inmcm4"
2049,3,272.9283695,283.7183142,74.46912249,47.64303849,"inmcm4"
2049,4,273.332337,285.735111,22.53866051,81.91201249,"inmcm4"
2049,5,277.0218853,294.04924,15.12398877,155.2844049,"inmcm4"
2049,6,283.0026381,302.1999383,18.51675733,203.8280945,"inmcm4"
2049,7,284.7107804,304.9878592,3.28376551,230.2425607,"inmcm4"
2049,8,284.5948628,302.8509748,9.211757029,188.2705341,"inmcm4"
2049,9,280.1585305,294.0442109,20.68058089,110.7202629,"inmcm4"
2049,10,274.9311995,285.706018,42.92192494,48.96509511,"inmcm4"
2049,11,272.2176276,279.4739163,62.48024393,14.92926283,"inmcm4"
2049,12,267.0206265,275.1630915,29.41858082,4.364458388,"inmcm4"
2050,1,269.5928973,277.6555018,76.79223262,9.488130214,"inmcm4"
2050,2,271.8653284,280.7507617,47.68262142,21.89785589,"inmcm4"
2050,3,272.9940101,281.9918706,93.36943283,44.37941062,"inmcm4"
2050,4,274.2277653,285.1648124,69.72877883,72.8139692,"inmcm4"
2050,5,278.0174,289.3211636,46.97344708,117.1768454,"inmcm4"
2050,6,280.2775707,299.7913032,8.850319203,186.8107699,"inmcm4"
2050,7,285.0326642,303.7915942,6.654798195,237.3763569,"inmcm4"
2050,8,282.7162162,305.1449904,1.445726971,205.2525981,"inmcm4"
2050,9,280.8637627,298.1849502,3.782539508,122.4874662,"inmcm4"
2050,10,276.7852828,288.7732874,82.65825967,60.76844664,"inmcm4"
2050,11,273.4294447,280.3838402,129.0090182,15.9947347,"inmcm4"
2050,12,268.376639,275.5244041,37.06011595,6.101556086,"inmcm4"
2051,1,267.6159123,276.4622527,37.90547753,8.20728388,"inmcm4"
2051,2,269.7336107,280.0117675,82.0429573,18.21858254,"inmcm4"
2051,3,274.5367724,284.4670154,85.90380098,50.94435756,"inmcm4"
2051,4,276.7823888,289.080364,64.41179724,91.33221292,"inmcm4"
2051,5,278.6924601,292.2984887,16.28107879,140.9973508,"inmcm4"
2051,6,280.3910701,298.448892,9.928390561,179.3872263,"inmcm4"
2051,7,284.643237,304.2933517,4.597054651,229.9769055,"inmcm4"
2051,8,284.667547,302.4893378,10.03378543,184.0761784,"inmcm4"
2051,9,279.6049661,298.7465502,3.66816063,129.4781516,"inmcm4"
2051,10,274.478119,291.0843439,25.96040112,69.9403015,"inmcm4"
2051,11,269.5485166,280.7946696,16.40963529,14.83593079,"inmcm4"
2051,12,269.4729415,276.2367235,84.26265556,7.656401673,"inmcm4"
2052,1,268.837571,275.830215,82.49047922,6.661003996,"inmcm4"
2052,2,268.7529491,277.2796902,201.6214017,11.70253514,"inmcm4"
2052,3,273.5618671,283.6221462,58.73687319,48.47936482,"inmcm4"
2052,4,275.8381411,291.1653622,14.75005926,102.267977,"inmcm4"
2052,5,278.562616,289.892857,48.2865186,123.7521767,"inmcm4"
2052,6,281.3514991,298.7656347,11.15241573,176.9735108,"inmcm4"
2052,7,283.9283527,302.8944329,6.838200974,209.2032222,"inmcm4"
2052,8,283.3527201,301.8644421,2.330212052,183.5957627,"inmcm4"
2052,9,277.7779991,300.9085616,0.388091878,139.7797521,"inmcm4"
2052,10,274.8217429,289.532647,60.85194181,60.89496335,"inmcm4"
2052,11,271.2694519,280.871798,19.34926892,15.45837707,"inmcm4"
2052,12,266.4272491,275.3638119,98.63234995,5.333710882,"inmcm4"
2053,1,269.7607467,276.6460547,110.0894089,6.552142642,"inmcm4"
2053,2,273.2081809,281.4144654,172.7983278,21.34287376,"inmcm4"
2053,3,275.2175931,285.1616409,88.24997805,55.57161831,"inmcm4"
2053,4,276.9242781,288.0539425,47.97109967,88.76318798,"inmcm4"
2053,5,277.8001844,290.5739018,20.06721041,129.3823735,"inmcm4"
2053,6,279.994964,296.7632806,6.76108468,175.1410852,"inmcm4"
2053,7,284.0367244,306.2087888,4.444620684,248.2902981,"inmcm4"
2053,8,285.5316493,301.91396,12.03317478,184.7037283,"inmcm4"
2053,9,278.297651,299.6708028,0.651830267,140.9053153,"inmcm4"
2053,10,276.9686744,288.5595399,73.82393611,55.51861363,"inmcm4"
2053,11,274.8331697,281.1395711,146.7848034,19.56449779,"inmcm4"
2053,12,273.8318552,280.0106746,175.5087774,11.59133479,"inmcm4"
2054,1,268.3034067,274.7438851,133.5114085,5.440391598,"inmcm4"
2054,2,270.5796431,278.1865206,82.83613966,14.53734189,"inmcm4"
2054,3,275.1378845,285.691492,82.70143569,53.3273362,"inmcm4"
2054,4,274.6455479,286.6649872,39.69670096,82.11283868,"inmcm4"
2054,5,278.5470189,292.1598399,20.28661436,139.8466356,"inmcm4"
2054,6,282.6953126,294.1558546,82.67500128,144.4499733,"inmcm4"
2054,7,283.9831876,298.8620838,12.5899077,186.2985335,"inmcm4"
2054,8,283.6439733,303.2429941,15.26379627,195.8906411,"inmcm4"
2054,9,280.492937,294.6724884,9.409468185,102.7835508,"inmcm4"
2054,10,277.3203747,287.2480442,41.78343569,51.88537895,"inmcm4"
2054,11,270.4987587,280.481366,88.52174812,17.06661481,"inmcm4"
2054,12,271.0637273,277.4418315,109.3242801,8.043366115,"inmcm4"
2055,1,269.0377099,277.4638376,41.16746918,8.028059414,"inmcm4"
2055,2,269.231799,277.2652874,77.66753931,13.00585131,"inmcm4"
2055,3,274.4061528,284.8004955,89.383059,53.34492358,"inmcm4"
2055,4,275.694065,287.0375574,30.3295174,84.62617233,"inmcm4"
2055,5,278.2982449,293.0961827,16.44675593,144.686304,"inmcm4"
2055,6,279.7281615,298.6939678,25.89047974,181.9772915,"inmcm4"
2055,7,283.3266749,305.4134279,3.194945911,232.7448652,"inmcm4"
2055,8,282.9046674,305.8189519,1.184764299,206.8990042,"inmcm4"
2055,9,279.4493606,299.0680893,1.445164946,126.9057211,"inmcm4"
2055,10,273.2285507,290.3672321,32.47087224,68.50758938,"inmcm4"
2055,11,273.0010006,280.111366,165.3811313,17.30639674,"inmcm4"
2055,12,269.8409074,276.5282387,60.58041728,7.00508101,"inmcm4"
2056,1,265.1809411,273.5167529,74.72209227,4.367733708,"inmcm4"
2056,2,268.0768718,281.294199,10.97420885,17.31805791,"inmcm4"
2056,3,272.5198924,283.1741658,75.47373801,46.58995408,"inmcm4"
2056,4,274.5907313,288.0975058,50.88114684,86.88258069,"inmcm4"
2056,5,279.9973465,292.7512308,61.3870502,131.8566647,"inmcm4"
2056,6,280.9574478,297.9489477,23.33427244,179.3605951,"inmcm4"
2056,7,284.5245108,305.8300127,4.600201883,238.5850444,"inmcm4"
2056,8,283.3006634,304.5570609,21.40276375,208.4817859,"inmcm4"
2056,9,283.0726332,292.2844363,70.60275783,88.42688036,"inmcm4"
2056,10,277.9959939,288.4749022,68.7161895,55.62841695,"inmcm4"
2056,11,273.6469933,281.2787372,187.4682663,17.73578841,"inmcm4"
2056,12,271.4555691,277.4795006,270.8157003,8.613612557,"inmcm4"
2057,1,270.7215376,276.6527264,107.7416016,8.097234098,"inmcm4"
2057,2,270.5980898,278.1638709,100.2830197,14.57264641,"inmcm4"
2057,3,272.8298901,283.6599026,53.96206207,50.55386239,"inmcm4"
2057,4,274.4069105,286.4885736,39.42271416,79.16673205,"inmcm4"
2057,5,279.7464558,290.7229896,99.50689051,124.0732557,"inmcm4"
2057,6,282.5842861,291.7535938,61.39383813,138.9169173,"inmcm4"
2057,7,285.8113402,298.6398116,16.49109631,175.5767051,"inmcm4"
2057,8,286.4665502,301.7307758,30.46169926,175.5493654,"inmcm4"
2057,9,280.67755,298.9999651,13.13205109,120.7143719,"inmcm4"
2057,10,278.4404971,292.1710524,88.21193496,63.50291223,"inmcm4"
2057,11,268.3228245,275.9773255,11.72120829,8.055387363,"inmcm4"
2057,12,270.8386688,276.5670788,169.6278021,6.974029479,"inmcm4"
2058,1,273.2839622,280.1350404,156.2134098,13.3960262,"inmcm4"
2058,2,271.7961256,281.6892519,45.22109244,20.86845988,"inmcm4"
2058,3,273.8330917,283.7078905,31.90785958,50.17744924,"inmcm4"
2058,4,275.2590458,287.8536649,27.62521425,86.97511435,"inmcm4"
2058,5,279.841527,290.8074896,33.65895047,123.1701509,"inmcm4"
2058,6,280.6002133,294.2136374,22.19534556,152.0150502,"inmcm4"
2058,7,285.604823,303.6869634,26.5962128,222.6679317,"inmcm4"
2058,8,285.5525684,302.4888437,21.46547127,182.8898867,"inmcm4"
2058,9,281.1260112,295.5713256,6.648517686,109.0990453,"inmcm4"
2058,10,275.4880151,289.4058658,47.06588462,69.24322297,"inmcm4"
2058,11,273.0293737,280.0826467,146.7706323,16.52505051,"inmcm4"
2058,12,270.4713558,276.3423048,169.8590495,6.773672979,"inmcm4"
2059,1,272.2319339,278.068646,108.804176,9.868261551,"inmcm4"
2059,2,272.5008839,279.7314439,134.2710378,18.29127405,"inmcm4"
2059,3,273.5266177,283.2192989,72.17133877,50.30561258,"inmcm4"
2059,4,277.3845887,288.7461215,43.22727136,91.57757107,"inmcm4"
2059,5,279.2080849,290.264808,58.14584748,124.3331989,"inmcm4"
2059,6,282.7134103,294.9238821,20.78445008,159.5471875,"inmcm4"
2059,7,284.9469532,303.081821,9.566081162,207.2514302,"inmcm4"
2059,8,284.5056241,304.202038,2.067223356,198.54546,"inmcm4"
2059,9,279.4525353,298.828656,9.02055822,130.7553484,"inmcm4"
2059,10,276.5700371,290.5989501,39.58002159,65.17523922,"inmcm4"
2059,11,273.6331826,281.5945275,92.36417853,19.85335125,"inmcm4"
2059,12,270.6226553,278.135548,156.8021631,8.658209918,"inmcm4"
2060,1,268.4722851,278.1941481,107.5610776,9.020019999,"inmcm4"
2060,2,272.7767708,281.5609085,54.23111348,21.74318506,"inmcm4"
2060,3,272.4669408,282.4245128,32.83548431,44.88806778,"inmcm4"
2060,4,274.8065946,288.5665389,11.91443803,87.02852024,"inmcm4"
2060,5,277.7551457,295.9474465,3.959974728,160.0052936,"inmcm4"
2060,6,281.1812077,303.7727566,5.892595585,219.9252898,"inmcm4"
2060,7,284.5745451,310.3906548,0.404726369,276.6013345,"inmcm4"
2060,8,286.2694419,308.674344,1.535153534,217.4089511,"inmcm4"
2060,9,281.611387,295.6139493,13.98147352,107.2400541,"inmcm4"
2060,10,276.2755689,290.6494829,43.8246927,65.85034726,"inmcm4"
2060,11,273.7715024,280.8359138,120.2145546,15.87771325,"inmcm4"
2060,12,270.8887605,276.8682042,181.5027649,8.006579807,"inmcm4"
2061,1,272.176329,278.1355682,202.4648054,10.18523622,"inmcm4"
2061,2,270.1723533,277.3428477,110.973666,15.70985503,"inmcm4"
2061,3,273.1044856,281.8248154,91.84951708,44.03554527,"inmcm4"
2061,4,275.4529446,289.6458131,34.23666741,99.81025193,"inmcm4"
2061,5,278.3799965,292.1643035,13.99447109,131.4103388,"inmcm4"
2061,6,280.1492813,302.4472831,4.725150152,214.9161978,"inmcm4"
2061,7,283.1773579,307.2460522,1.341191116,253.8868914,"inmcm4"
2061,8,282.7665141,305.9713405,0.673327013,210.9106494,"inmcm4"
2061,9,280.5353692,296.6205673,45.40167418,111.5883739,"inmcm4"
